UTCDateTime,mac_address,firmware_ver,hardware,current_temp_f,current_humidity,current_dewpoint_f,pressure,adc,mem,rssi,uptime,pm1_0_cf_1,pm2_5_cf_1,pm10_0_cf_1,pm1_0_atm,pm2_5_atm,pm10_0_atm,pm2.5_aqi_cf_1,pm2.5_aqi_atm,p_0_3_um,p_0_5_um,p_1_0_um,p_2_5_um,p_5_0_um,p_10_0_um,pm1_0_cf_1_b,pm2_5_cf_1_b,pm10_0_cf_1_b,pm1_0_atm_b,pm2_5_atm_b,pm10_0_atm_b,pm2.5_aqi_cf_1_b,pm2.5_aqi_atm_b,p_0_3_um_b,p_0_5_um_b,p_1_0_um_b,p_2_5_um_b,p_5_0_um_b,p_10_0_um_b,gas
2023/02/06T16:10:41z,a8:48:fa:cf:f8:f2,7.00,2.0+OPENLOG+31037 MB+DS3231+BME280+PMSX003-B+PMSX003-A,75,23,34,1002.15,nan,36704,0,109,357.80,590.51,602.24,237.73,393.02,400.84,560,429,52669.46,16336.98,4525.76,318.49,14.62,2.31,323.88,580.98,624.20,215.17,386.56,415.49,553,425,50644.10,15277.51,4399.37,412.34,53.85,17.12
2023/02/06T16:12:41z,a8:48:fa:cf:f8:f2,7.00,2.0+OPENLOG+31037 MB+DS3231+BME280+PMSX003-B+PMSX003-A,75,22,34,1002.19,0.04,36616,0,229,325.95,523.20,536.75,216.46,348.05,357.19,515,398,48119.64,14804.12,3798.51,284.17,16.85,5.39,290.78,506.02,543.52,193.06,336.65,361.81,504,387,45690.95,13683.65,3760.19,350.59,45.37,22.67
2023/02/06T16:14:41z,a8:48:fa:cf:f8:f2,7.00,2.0+OPENLOG+31037 MB+DS3231+BME280+PMSX003-B+PMSX003-A,76,22,34,1002.21,0.04,34552,0,349,287.56,446.09,457.05,190.96,296.56,303.96,464,347,42847.74,13060.72,3117.44,223.47,13.26,3.30,257.03,432.14,466.37,170.58,287.27,310.10,455,338,40560.10,12039.08,3138.05,290.85,38.44,16.71
2023/02/06T16:16:41z,a8:48:fa:cf:f8:f2,7.00,2.0+OPENLOG+31037 MB+DS3231+BME280+PMSX003-B+PMSX003-A,77,21,34,1002.21,0.04,34792,0,469,243.38,369.10,376.79,161.40,245.31,250.37,414,295,36362.77,10989.85,2535.48,176.65,5.77,1.77,217.22,363.66,388.41,144.02,241.67,258.10,410,292,34749.93,10263.29,2594.83,223.36,29.79,12.17
2023/02/06T16:18:41z,a8:48:fa:cf:f8:f2,7.00,2.0+OPENLOG+31037 MB+DS3231+BME280+PMSX003-B+PMSX003-A,78,21,35,1002.27,0.04,35824,0,589,210.79,317.09,326.55,139.81,210.75,217.02,367,261,31630.75,9521.94,2177.81,154.49,10.38,2.26,182.60,301.39,319.58,120.98,200.14,212.39,352,251,29476.21,8619.51,2153.09,182.82,20.70,8.98
2023/02/06T16:20:41z,a8:48:fa:cf:f8:f2,7.00,2.0+OPENLOG+31037 MB+DS3231+BME280+PMSX003-B+PMSX003-A,78,20,34,1002.26,0.04,35824,0,709,191.93,286.23,296.53,127.21,190.05,196.88,337,241,29082.68,8721.54,1925.53,137.86,8.91,3.12,164.36,268.22,284.97,108.84,178.02,189.21,319,229,26585.95,7774.91,1863.28,160.88,16.41,7.31
2023/02/06T16:22:41z,a8:48:fa:cf:f8:f2,7.00,2.0+OPENLOG+31037 MB+DS3231+BME280+PMSX003-B+PMSX003-A,79,20,34,1002.27,0.04,35824,0,829,276.63,415.83,425.17,183.81,276.33,282.56,444,327,40928.65,12458.44,2923.42,180.92,9.19,3.38,245.61,404.05,432.84,162.79,268.45,287.71,437,319,38770.34,11487.79,2950.45,244.43,27.54,14.36
2023/02/06T16:24:41z,a8:48:fa:cf:f8:f2,7.00,2.0+OPENLOG+31037 MB+DS3231+BME280+PMSX003-B+PMSX003-A,79,19,34,1002.21,0.04,35824,0,949,251.75,379.45,388.31,167.16,252.04,257.96,420,303,37328.88,11353.63,2628.88,181.10,9.33,0.82,218.90,358.61,384.12,145.14,238.31,255.32,407,288,34793.85,10278.64,2556.31,218.63,24.24,10.71
2023/02/06T16:26:41z,a8:48:fa:cf:f8:f2,7.00,2.0+OPENLOG+31037 MB+DS3231+BME280+PMSX003-B+PMSX003-A,80,19,34,1002.23,0.04,35824,0,1069,194.96,288.51,295.89,129.19,191.58,196.51,339,242,29463.06,8884.30,1933.87,127.02,6.60,0.91,171.42,274.05,290.25,113.53,181.96,192.78,325,233,27346.75,8041.62,1939.78,155.58,15.93,5.85
2023/02/06T16:28:41z,a8:48:fa:cf:f8:f2,7.00,2.0+OPENLOG+31037 MB+DS3231+BME280+PMSX003-B+PMSX003-A,80,18,33,1002.27,0.04,35824,0,1189,164.41,238.67,245.54,108.83,158.28,162.87,289,209,24902.00,7464.85,1558.11,103.78,5.48,1.48,143.06,225.31,240.63,94.76,149.39,159.69,276,200,22945.39,6711.87,1562.59,127.78,13.37,5.89
2023/02/06T16:30:32z,a8:48:fa:cf:f8:f2,7.00,2.0+OPENLOG+31037 MB+DS3231+BME280+PMSX003-B+PMSX003-A,80,18,33,1002.32,nan,36704,0,110,263.95,390.77,401.26,175.21,259.79,266.77,428,311,38870.62,11825.95,2674.72,175.33,6.82,1.13,242.17,395.62,421.81,160.64,262.98,280.40,431,314,38280.86,11318.71,2859.95,226.60,26.05,15.67
2023/02/06T16:32:32z,a8:48:fa:cf:f8:f2,7.00,2.0+OPENLOG+31037 MB+DS3231+BME280+PMSX003-B+PMSX003-A,81,18,33,1002.36,0.04,36616,0,230,282.15,418.02,425.87,187.37,277.89,283.20,446,329,41577.50,12610.91,2834.63,174.59,8.52,2.07,249.69,400.30,420.35,165.80,266.00,279.46,434,317,39096.00,11564.20,2888.26,205.19,21.44,11.30
2023/02/06T16:34:32z,a8:48:fa:cf:f8:f2,7.00,2.0+OPENLOG+31037 MB+DS3231+BME280+PMSX003-B+PMSX003-A,81,17,33,1002.38,0.04,36616,0,350,293.52,431.37,436.46,194.94,286.83,290.08,455,337,43027.73,13098.23,2928.73,170.12,4.04,0.81,260.70,414.00,439.00,172.96,275.21,291.96,443,326,40872.68,12084.04,2926.09,216.63,27.16,12.91
2023/02/06T16:36:32z,a8:48:fa:cf:f8:f2,7.00,2.0+OPENLOG+31037 MB+DS3231+BME280+PMSX003-B+PMSX003-A,81,17,33,1002.38,0.04,36616,0,470,275.23,400.91,406.57,182.62,266.40,270.13,435,317,40622.95,12300.57,2686.53,153.74,5.92,0.68,243.17,391.44,409.74,161.35,260.30,272.54,428,311,38143.83,11287.37,2765.15,209.57,19.26,8.00
2023/02/06T16:38:32z,a8:48:fa:cf:f8:f2,7.00,2.0+OPENLOG+31037 MB+DS3231+BME280+PMSX003-B+PMSX003-A,82,17,33,1002.46,0.04,36616,0,590,230.80,333.78,340.69,153.06,221.69,226.45,384,272,34509.25,10386.25,2207.45,130.16,4.24,0.37,207.57,329.47,344.63,137.51,218.80,228.94,380,269,33033.12,9668.12,2309.76,180.98,13.41,5.65
2023/02/06T16:40:32z,a8:48:fa:cf:f8:f2,7.00,2.0+OPENLOG+31037 MB+DS3231+BME280+PMSX003-B+PMSX003-A,82,17,33,1002.44,0.04,36616,0,710,196.41,276.45,282.69,130.10,183.47,187.67,327,234,29398.29,8818.33,1791.62,100.66,2.72,0.86,173.13,264.98,277.57,114.58,175.89,184.28,316,227,27269.21,7966.43,1777.75,128.53,12.34,5.06
2023/02/06T16:42:32z,a8:48:fa:cf:f8:f2,7.00,2.0+OPENLOG+31037 MB+DS3231+BME280+PMSX003-B+PMSX003-A,82,17,32,1002.38,0.04,36616,0,830,165.39,230.92,238.49,109.57,153.22,158.20,281,204,24847.53,7430.94,1456.82,96.27,3.84,0.67,142.54,218.75,230.55,94.23,145.00,152.80,269,197,22850.30,6639.02,1477.79,110.82,10.36,6.21
2023/02/06T16:44:32z,a8:48:fa:cf:f8:f2,7.00,2.0+OPENLOG+31037 MB+DS3231+BME280+PMSX003-B+PMSX003-A,82,16,32,1002.39,0.04,36616,0,950,134.74,188.14,196.02,89.06,124.60,129.94,239,187,20590.56,6117.08,1158.36,81.32,3.96,0.84,117.72,178.08,187.79,77.66,118.13,124.55,229,184,19036.08,5511.34,1187.58,87.66,5.89,2.87
2023/02/06T16:46:32z,a8:48:fa:cf:f8:f2,7.00,2.0+OPENLOG+31037 MB+DS3231+BME280+PMSX003-B+PMSX003-A,83,16,32,1002.27,0.04,36616,0,1070,119.32,165.10,172.12,78.72,109.36,113.96,216,179,18308.64,5438.70,1006.36,69.36,3.32,1.08,103.88,156.61,168.25,68.57,103.61,111.38,208,176,16773.54,4847.48,1059.82,81.95,8.29,3.82
2023/02/06T16:48:32z,a8:48:fa:cf:f8:f2,7.00,2.0+OPENLOG+31037 MB+DS3231+BME280+PMSX003-B+PMSX003-A,83,16,32,1002.19,0.04,36552,0,1190,100.00,138.57,145.66,65.94,91.62,96.30,194,170,15403.08,4568.91,845.32,58.42,2.57,0.83,86.65,128.04,136.65,56.87,84.62,90.46,189,166,14165.08,4054.42,829.35,60.73,6.65,3.38
2023/02/06T16:50:22z,a8:48:fa:cf:f8:f2,7.00,2.0+OPENLOG+31037 MB+DS3231+BME280+PMSX003-B+PMSX003-A,83,15,32,1002.11,nan,36704,0,110,88.44,119.51,127.33,58.15,78.87,84.15,184,163,13695.08,4034.90,728.31,54.82,3.18,0.00,75.68,113.95,124.41,49.76,75.14,82.54,181,161,12436.38,3585.00,763.27,65.24,5.03,2.43
2023/02/06T16:52:22z,a8:48:fa:cf:f8:f2,7.00,2.0+OPENLOG+31037 MB+DS3231+BME280+PMSX003-B+PMSX003-A,83,15,32,1001.97,0.04,36616,0,230,76.91,103.73,109.82,50.48,68.30,76.11,176,158,11920.50,3526.66,631.46,44.75,0.64,0.21,68.47,101.75,110.65,44.90,67.06,76.37,175,157,11203.88,3224.06,677.84,59.14,3.29,1.61
2023/02/06T16:54:22z,a8:48:fa:cf:f8:f2,7.00,2.0+OPENLOG+31037 MB+DS3231+BME280+PMSX003-B+PMSX003-A,83,15,31,1001.91,0.04,36616,0,350,69.35,96.39,102.74,45.46,63.50,73.61,172,155,10971.44,3218.11,604.30,43.04,2.22,0.89,60.30,89.79,100.02,39.34,59.04,72.66,169,153,9979.42,2860.87,608.91,53.28,5.47,2.23
2023/02/06T16:56:22z,a8:48:fa:cf:f8:f2,7.00,2.0+OPENLOG+31037 MB+DS3231+BME280+PMSX003-B+PMSX003-A,83,15,31,1001.94,0.04,36616,0,470,69.34,96.98,103.78,45.38,63.74,73.72,173,156,10883.40,3221.40,604.76,50.84,2.52,0.76,59.35,89.56,99.10,38.67,58.94,71.88,169,153,9887.42,2848.85,612.42,53.81,5.35,2.54
2023/02/06T16:58:22z,a8:48:fa:cf:f8:f2,7.00,2.0+OPENLOG+31037 MB+DS3231+BME280+PMSX003-B+PMSX003-A,83,15,31,1001.94,0.04,36304,0,590,69.87,96.13,101.35,45.83,63.39,73.17,172,155,10813.61,3185.11,605.56,44.70,1.70,0.30,58.88,86.69,95.02,38.57,57.12,70.57,167,152,9726.06,2796.45,586.67,46.65,3.92,1.84
2023/02/06T17:00:22z,a8:48:fa:cf:f8:f2,7.00,2.0+OPENLOG+31037 MB+DS3231+BME280+PMSX003-B+PMSX003-A,83,15,31,1001.82,0.04,36616,0,710,64.21,87.32,93.34,42.00,57.66,69.98,168,152,10055.46,2963.54,533.75,40.21,0.50,0.00,57.83,86.70,95.22,37.63,56.93,70.46,167,152,9485.44,2754.19,590.59,51.15,5.15,1.37
2023/02/06T17:02:22z,a8:48:fa:cf:f8:f2,7.00,2.0+OPENLOG+31037 MB+DS3231+BME280+PMSX003-B+PMSX003-A,83,15,31,1001.68,0.04,36616,0,830,62.09,85.25,89.56,40.68,56.14,68.33,167,152,9616.05,2839.09,517.33,38.53,2.07,0.39,52.83,78.13,85.79,34.83,52.21,66.67,163,143,8736.81,2514.88,523.90,44.58,3.65,0.58
2023/02/06T17:04:22z,a8:48:fa:cf:f8:f2,7.00,2.0+OPENLOG+31037 MB+DS3231+BME280+PMSX003-B+PMSX003-A,84,15,31,1001.59,0.04,36616,0,950,58.40,79.60,85.60,38.18,53.13,66.60,164,145,9101.89,2684.69,497.82,41.27,0.69,0.18,49.06,73.27,81.20,33.63,50.61,64.75,160,139,8013.53,2315.08,496.41,47.57,4.08,2.55
2023/02/06T17:06:22z,a8:48:fa:cf:f8:f2,7.00,2.0+OPENLOG+31037 MB+DS3231+BME280+PMSX003-B+PMSX003-A,77,15,26,996.13,0.04,36616,0,1070,54.37,73.47,79.65,35.74,50.61,63.93,161,139,8512.74,2504.72,458.77,36.98,1.68,0.67,46.15,67.19,74.17,32.54,48.29,61.50,157,134,7576.50,2173.12,447.50,40.27,3.69,0.73
2023/02/06T17:08:22z,a8:48:fa:cf:f8:f2,7.00,2.0+OPENLOG+31037 MB+DS3231+BME280+PMSX003-B+PMSX003-A,84,15,31,1001.42,0.04,36616,0,1190,50.66,69.66,75.23,34.07,49.27,62.02,159,136,8003.68,2343.70,435.39,34.79,2.18,0.82,44.39,66.15,73.67,31.93,47.89,61.37,157,133,7345.94,2128.15,446.02,41.93,4.52,2.00
2023/02/06T17:10:13z,a8:48:fa:cf:f8:f2,7.00,2.0+OPENLOG+31037 MB+DS3231+BME280+PMSX003-B+PMSX003-A,84,15,31,1001.37,nan,36704,0,110,47.00,65.44,70.49,32.66,47.61,59.49,156,132,7462.76,2194.54,392.00,36.88,0.78,0.15,41.26,59.47,66.79,30.55,45.47,57.79,153,127,6791.21,1925.29,406.79,38.89,2.42,0.63
2023/02/06T17:12:13z,a8:48:fa:cf:f8:f2,7.00,2.0+OPENLOG+31037 MB+DS3231+BME280+PMSX003-B+PMSX003-A,84,14,31,1001.35,0.04,36616,0,230,43.30,59.75,64.77,31.28,45.25,56.44,153,126,6879.11,2031.86,359.79,33.40,0.95,0.95,38.40,56.82,62.26,29.44,44.24,55.26,152,124,6342.12,1827.52,370.10,35.80,0.68,0.36
2023/02/06T17:14:13z,a8:48:fa:cf:f8:f2,7.00,2.0+OPENLOG+31037 MB+DS3231+BME280+PMSX003-B+PMSX003-A,84,14,31,1001.38,0.04,36616,0,350,41.22,56.05,58.91,30.51,44.00,53.20,152,123,6462.87,1902.62,341.89,26.25,0.44,0.11,35.70,52.39,58.16,28.25,42.23,52.84,144,119,5908.66,1698.96,352.71,33.71,2.39,0.86
2023/02/06T17:16:13z,a8:48:fa:cf:f8:f2,7.00,2.0+OPENLOG+31037 MB+DS3231+BME280+PMSX003-B+PMSX003-A,84,14,31,1001.36,0.04,36616,0,470,37.61,51.74,56.35,28.76,41.83,51.69,142,118,6058.06,1770.76,325.15,29.19,0.56,0.22,33.42,47.04,51.65,27.25,39.58,48.75,130,112,5564.07,1582.53,306.18,23.78,1.75,0.69
2023/02/06T17:18:13z,a8:48:fa:cf:f8:f2,7.00,2.0+OPENLOG+31037 MB+DS3231+BME280+PMSX003-B+PMSX003-A,85,14,31,1001.33,0.04,36616,0,590,35.88,48.93,52.80,28.38,40.71,49.71,135,115,5614.50,1655.91,297.50,26.79,0.64,0.29,29.19,43.08,46.60,25.02,37.36,45.55,121,107,4953.68,1422.28,295.87,19.58,3.51,1.36
2023/02/06T17:20:13z,a8:48:fa:cf:f8:f2,7.00,2.0+OPENLOG+31037 MB+DS3231+BME280+PMSX003-B+PMSX003-A,84,14,30,1000.74,0.04,36552,0,710,31.34,44.62,46.78,26.26,38.29,45.57,125,109,5159.07,1504.14,276.45,19.17,1.45,0.90,28.60,42.10,47.79,24.60,36.96,46.33,118,106,4787.56,1370.04,289.65,26.54,2.21,1.50
2023/02/06T17:22:13z,a8:48:fa:cf:f8:f2,7.00,2.0+OPENLOG+31037 MB+DS3231+BME280+PMSX003-B+PMSX003-A,85,14,31,1001.14,0.04,36552,0,830,29.86,39.36,42.91,25.45,35.32,42.46,112,102,4749.64,1394.07,237.00,17.71,0.82,0.18,26.12,37.79,43.67,23.21,34.35,43.21,108,99,4431.84,1271.46,253.67,26.91,2.60,1.61
2023/02/06T17:24:13z,a8:48:fa:cf:f8:f2,7.00,2.0+OPENLOG+31037 MB+DS3231+BME280+PMSX003-B+PMSX003-A,85,14,31,1001.11,0.04,36552,0,950,27.98,36.94,42.04,24.18,33.92,41.80,106,98,4496.88,1307.84,224.90,24.94,1.41,0.71,22.14,33.82,40.23,20.89,31.95,40.12,97,93,3897.11,1116.47,236.95,28.46,3.75,2.04
2023/02/06T17:26:13z,a8:48:fa:cf:f8:f2,7.00,2.0+OPENLOG+31037 MB+DS3231+BME280+PMSX003-B+PMSX003-A,85,14,31,1001.05,0.04,36552,0,1070,26.14,35.61,37.32,23.23,33.00,37.32,103,96,4128.53,1215.19,204.32,15.09,0.77,0.42,22.00,31.70,35.81,20.94,30.72,35.81,93,91,3701.94,1061.11,214.68,21.02,0.98,0.34
2023/02/06T17:28:13z,a8:48:fa:cf:f8:f2,7.00,2.0+OPENLOG+31037 MB+DS3231+BME280+PMSX003-B+PMSX003-A,85,14,31,1001.00,0.04,36552,0,1190,24.41,34.22,37.14,22.19,32.15,37.14,98,94,3997.83,1175.56,212.81,19.86,1.15,0.41,20.76,29.98,32.24,19.96,29.55,32.24,89,88,3573.18,1005.75,197.96,14.16,1.45,0.43
2023/02/06T17:30:03z,a8:48:fa:cf:f8:f2,7.00,2.0+OPENLOG+31037 MB+DS3231+BME280+PMSX003-B+PMSX003-A,86,14,32,1000.96,nan,36704,0,110,21.72,28.95,30.47,20.56,28.67,30.47,87,87,3618.56,1057.30,174.84,12.74,0.00,0.00,19.21,27.31,30.24,18.95,27.31,30.24,84,84,3296.57,937.45,177.71,16.24,0.48,0.48
2023/02/06T17:32:03z,a8:48:fa:cf:f8:f2,7.00,2.0+OPENLOG+31037 MB+DS3231+BME280+PMSX003-B+PMSX003-A,85,14,31,1000.99,0.04,36616,0,230,20.82,28.75,29.33,20.23,28.67,29.33,87,87,3367.68,989.51,178.32,8.25,0.91,0.42,17.10,27.40,30.44,17.10,27.36,30.44,84,84,3033.12,864.60,189.52,19.28,1.28,0.44
2023/02/06T17:34:03z,a8:48:fa:cf:f8:f2,7.00,2.0+OPENLOG+31037 MB+DS3231+BME280+PMSX003-B+PMSX003-A,85,14,31,1000.86,0.04,36616,0,350,19.15,26.20,27.75,19.07,26.20,27.75,81,81,3121.96,908.76,160.04,12.04,0.51,0.00,16.04,23.42,25.29,16.04,23.42,25.29,75,75,2756.88,795.37,156.96,12.96,0.42,0.00
2023/02/06T17:36:03z,a8:48:fa:cf:f8:f2,7.00,2.0+OPENLOG+31037 MB+DS3231+BME280+PMSX003-B+PMSX003-A,86,14,32,1000.84,0.04,36616,0,470,17.90,24.04,26.90,17.90,24.04,26.90,77,77,2925.69,859.69,157.65,14.08,1.38,0.31,14.43,22.06,23.61,14.43,22.06,23.61,72,72,2581.22,734.13,141.52,12.59,0.93,0.00
2023/02/06T17:38:03z,a8:48:fa:cf:f8:f2,7.00,2.0+OPENLOG+31037 MB+DS3231+BME280+PMSX003-B+PMSX003-A,84,14,30,999.74,0.04,36616,0,590,15.66,21.52,21.52,15.66,21.52,21.52,71,71,2623.03,747.97,132.21,9.55,0.00,0.00,13.00,18.51,20.42,13.00,18.51,20.42,65,65,2316.06,654.42,111.11,11.51,0.38,0.00
2023/02/06T17:40:03z,a8:48:fa:cf:f8:f2,7.00,2.0+OPENLOG+31037 MB+DS3231+BME280+PMSX003-B+PMSX003-A,86,14,31,1000.70,0.04,36616,0,710,14.93,21.58,23.74,14.93,21.58,23.74,71,71,2520.74,734.81,137.23,15.30,1.44,0.56,12.60,19.49,23.35,12.60,19.49,23.35,67,67,2288.45,659.22,130.69,20.76,1.64,0.73
2023/02/06T17:42:03z,a8:48:fa:cf:f8:f2,7.00,2.0+OPENLOG+31037 MB+DS3231+BME280+PMSX003-B+PMSX003-A,86,14,32,1000.60,0.04,36616,0,830,13.54,18.84,19.54,13.54,18.84,19.54,66,66,2260.95,664.14,113.23,7.58,1.02,0.28,11.70,16.96,19.05,11.70,16.96,19.05,62,62,2066.52,587.52,115.62,6.32,2.39,0.82
2023/02/06T17:44:03z,a8:48:fa:cf:f8:f2,7.00,2.0+OPENLOG+31037 MB+DS3231+BME280+PMSX003-B+PMSX003-A,82,14,28,996.88,0.04,36552,0,950,13.13,17.58,18.40,13.13,17.58,18.40,63,63,2165.13,629.09,105.78,6.55,1.09,0.22,10.81,17.31,17.89,10.81,17.31,17.89,62,62,1995.94,563.98,124.07,8.63,0.85,0.00
2023/02/06T17:46:03z,a8:48:fa:cf:f8:f2,7.00,2.0+OPENLOG+31037 MB+DS3231+BME280+PMSX003-B+PMSX003-A,86,14,31,1000.25,0.04,36552,0,1070,12.26,16.72,16.72,12.26,16.72,16.72,61,61,1987.68,588.14,108.11,5.37,0.00,0.00,9.56,14.26,15.80,9.56,14.26,15.80,56,56,1848.00,516.85,87.59,7.26,2.00,1.85
2023/02/06T17:48:03z,a8:48:fa:cf:f8:f2,7.00,2.0+OPENLOG+31037 MB+DS3231+BME280+PMSX003-B+PMSX003-A,87,14,32,1000.27,0.04,36552,0,1190,11.10,15.49,16.80,11.10,15.49,16.80,58,58,1914.51,549.32,98.88,7.42,1.05,0.54,8.90,12.94,14.76,8.90,12.94,14.76,53,53,1655.39,465.45,91.92,8.98,1.18,0.04
2023/02/06T17:49:54z,a8:48:fa:cf:f8:f2,7.00,2.0+OPENLOG+31037 MB+DS3231+BME280+PMSX003-B+PMSX003-A,87,13,32,1000.29,nan,36704,0,110,11.20,15.50,15.57,11.20,15.50,15.57,58,58,1865.18,546.36,100.73,5.82,0.00,0.00,8.26,13.10,15.97,8.26,13.10,15.97,53,53,1611.38,460.77,100.05,15.44,0.00,0.00
2023/02/06T17:51:54z,a8:48:fa:cf:f8:f2,7.00,2.0+OPENLOG+31037 MB+DS3231+BME280+PMSX003-B+PMSX003-A,87,13,31,1000.27,0.04,36616,0,230,9.93,13.45,14.77,9.93,13.45,14.77,54,54,1734.11,499.64,85.57,7.29,0.00,0.00,9.02,14.08,15.22,9.02,14.08,15.22,55,55,1572.41,457.80,94.98,9.33,0.86,0.86
2023/02/06T17:53:54z,a8:48:fa:cf:f8:f2,7.00,2.0+OPENLOG+31037 MB+DS3231+BME280+PMSX003-B+PMSX003-A,87,13,31,1000.23,0.04,36616,0,350,8.96,11.75,12.67,8.96,11.75,12.67,49,49,1554.21,450.25,76.49,5.44,0.00,0.00,7.67,11.71,11.98,7.67,11.71,11.98,49,49,1445.73,413.36,72.25,6.73,0.55,0.00
2023/02/06T17:55:54z,a8:48:fa:cf:f8:f2,7.00,2.0+OPENLOG+31037 MB+DS3231+BME280+PMSX003-B+PMSX003-A,87,13,31,1000.18,0.04,36616,0,470,9.00,12.33,12.98,9.00,12.33,12.98,52,52,1527.37,443.96,80.74,4.77,0.95,0.46,6.93,9.80,10.02,6.93,9.80,10.02,41,41,1325.33,371.20,67.11,2.26,0.00,0.00
2023/02/06T17:57:54z,a8:48:fa:cf:f8:f2,7.00,2.0+OPENLOG+31037 MB+DS3231+BME280+PMSX003-B+PMSX003-A,88,13,32,1000.17,0.04,36616,0,590,8.14,11.31,11.66,8.14,11.31,11.66,47,47,1446.31,417.21,69.00,3.83,0.48,0.00,6.51,10.28,10.53,6.51,10.28,10.53,43,43,1256.55,361.30,66.26,5.70,0.00,0.00
2023/02/06T17:59:54z,a8:48:fa:cf:f8:f2,7.00,2.0+OPENLOG+31037 MB+DS3231+BME280+PMSX003-B+PMSX003-A,87,13,31,1000.15,0.04,36616,0,710,7.86,10.92,10.92,7.86,10.92,10.92,45,45,1377.97,405.59,64.41,2.41,0.00,0.00,5.71,9.18,9.78,5.71,9.18,9.78,38,38,1175.18,338.08,66.24,6.00,0.00,0.00
2023/02/06T18:01:54z,a8:48:fa:cf:f8:f2,7.00,2.0+OPENLOG+31037 MB+DS3231+BME280+PMSX003-B+PMSX003-A,88,13,32,1000.19,0.04,36616,0,830,6.91,9.61,9.98,6.91,9.61,9.98,40,40,1331.57,383.29,57.68,4.00,0.50,0.50,5.58,9.44,11.02,5.58,9.44,11.02,39,39,1168.32,337.42,74.37,8.49,1.12,0.28
2023/02/06T18:03:54z,a8:48:fa:cf:f8:f2,7.00,2.0+OPENLOG+31037 MB+DS3231+BME280+PMSX003-B+PMSX003-A,88,13,32,1000.12,0.04,36616,0,950,7.39,10.07,10.86,7.39,10.07,10.86,42,42,1298.25,377.68,62.11,4.54,1.04,0.50,5.35,9.33,10.33,5.35,9.33,10.33,39,39,1106.56,322.02,65.11,6.96,0.44,0.44
2023/02/06T18:05:54z,a8:48:fa:cf:f8:f2,7.00,2.0+OPENLOG+31037 MB+DS3231+BME280+PMSX003-B+PMSX003-A,88,13,31,1000.05,0.04,36616,0,1070,6.56,9.18,9.30,6.56,9.18,9.30,38,38,1231.58,356.74,56.46,3.26,0.00,0.00,5.48,8.76,9.35,5.48,8.76,9.35,36,36,1116.11,316.63,60.67,3.85,0.44,0.44
2023/02/06T18:07:54z,a8:48:fa:cf:f8:f2,7.00,2.0+OPENLOG+31037 MB+DS3231+BME280+PMSX003-B+PMSX003-A,88,13,32,999.94,0.03,36616,0,1190,80.38,108.30,112.68,54.23,73.43,76.43,178,161,12142.66,3611.41,660.27,38.89,2.25,1.18,68.84,101.71,108.29,46.20,68.47,73.45,175,158,11235.98,3230.82,673.41,47.51,3.80,1.31
2023/02/06T18:09:44z,a8:48:fa:cf:f8:f2,7.00,2.0+OPENLOG+31037 MB+DS3231+BME280+PMSX003-B+PMSX003-A,89,13,32,999.91,nan,36704,0,110,126.33,169.26,175.69,83.45,112.12,116.48,220,180,19180.43,5704.98,986.48,61.71,1.00,0.00,103.95,150.65,160.68,68.54,99.68,106.35,202,174,16978.38,4850.65,975.32,70.32,4.38,1.95
2023/02/06T18:11:44z,a8:48:fa:cf:f8:f2,7.00,2.0+OPENLOG+31037 MB+DS3231+BME280+PMSX003-B+PMSX003-A,89,13,32,1000.01,0.03,36616,0,230,158.14,216.89,223.29,104.70,143.86,148.12,267,197,23880.48,7125.88,1349.86,73.50,3.32,0.86,136.90,205.38,214.36,90.54,136.24,142.26,256,193,22049.94,6362.88,1329.12,92.20,8.72,4.92
2023/02/06T18:13:44z,a8:48:fa:cf:f8:f2,7.00,2.0+OPENLOG+31037 MB+DS3231+BME280+PMSX003-B+PMSX003-A,89,13,32,1000.00,0.03,36552,0,350,163.42,222.30,226.61,108.32,147.61,150.39,273,199,24615.47,7342.79,1359.33,71.40,1.96,0.00,139.59,207.36,217.75,92.38,137.59,144.43,258,194,22358.36,6441.88,1337.38,100.46,10.46,4.32
2023/02/06T18:15:44z,a8:48:fa:cf:f8:f2,7.00,2.0+OPENLOG+31037 MB+DS3231+BME280+PMSX003-B+PMSX003-A,89,13,32,999.97,0.03,36552,0,470,180.41,247.46,254.28,119.57,164.24,168.83,297,215,26893.39,8078.20,1528.69,88.74,2.30,0.93,155.45,231.96,244.40,102.79,153.91,162.09,282,205,24909.96,7217.00,1551.87,101.23,9.13,4.19
2023/02/06T18:17:44z,a8:48:fa:cf:f8:f2,7.00,2.0+OPENLOG+31037 MB+DS3231+BME280+PMSX003-B+PMSX003-A,89,13,32,999.93,0.03,36552,0,590,215.55,299.39,305.73,143.00,198.88,203.11,350,249,31951.88,9609.16,1924.09,100.86,3.79,1.46,182.28,270.43,285.98,120.74,179.53,190.00,321,230,28869.74,8381.47,1802.04,118.34,13.36,6.79
2023/02/06T18:19:44z,a8:48:fa:cf:f8:f2,7.00,2.0+OPENLOG+31037 MB+DS3231+BME280+PMSX003-B+PMSX003-A,89,13,32,999.57,0.03,36520,0,710,157.75,219.37,222.16,104.35,145.40,147.25,270,198,23899.74,7150.82,1373.91,69.93,1.75,0.77,134.50,202.14,214.70,88.90,133.82,142.40,253,192,21843.06,6277.88,1349.94,101.36,11.76,7.16
2023/02/06T18:21:44z,a8:48:fa:cf:f8:f2,7.00,2.0+OPENLOG+31037 MB+DS3231+BME280+PMSX003-B+PMSX003-A,90,13,33,999.77,0.03,36520,0,830,127.88,174.11,178.73,84.57,115.38,118.30,225,182,19607.62,5797.04,1063.07,58.93,1.96,0.93,107.94,158.82,166.61,71.18,105.20,110.33,210,177,17339.47,5002.71,1006.90,73.29,5.76,2.24
2023/02/06T18:23:44z,a8:48:fa:cf:f8:f2,7.00,2.0+OPENLOG+31037 MB+DS3231+BME280+PMSX003-B+PMSX003-A,90,13,33,999.74,0.03,36520,0,950,110.08,147.62,155.10,72.54,97.71,102.63,199,173,16750.21,5000.40,881.00,56.46,3.08,1.04,91.13,134.19,142.83,60.12,88.65,94.42,192,168,14771.42,4251.21,879.50,67.77,4.54,1.81
2023/02/06T18:25:44z,a8:48:fa:cf:f8:f2,7.00,2.0+OPENLOG+31037 MB+DS3231+BME280+PMSX003-B+PMSX003-A,90,13,32,999.62,0.03,36520,0,1070,90.53,120.29,126.48,59.45,79.33,84.05,185,164,14020.76,4133.00,711.83,45.34,2.66,1.17,75.29,111.77,117.81,49.46,73.69,79.62,180,161,12343.44,3529.77,722.44,56.88,4.12,1.81
2023/02/06T18:27:44z,a8:48:fa:cf:f8:f2,7.00,2.0+OPENLOG+31037 MB+DS3231+BME280+PMSX003-B+PMSX003-A,90,13,32,999.57,0.03,36520,0,1190,76.32,103.00,107.26,50.09,67.88,75.25,176,158,12008.63,3515.53,597.19,43.09,1.75,0.00,63.52,94.56,100.46,41.62,62.40,72.79,171,155,10429.06,2988.42,605.92,50.62,4.50,1.12
2023/02/06T18:29:35z,a8:48:fa:cf:f8:f2,7.00,2.0+OPENLOG+31037 MB+DS3231+BME280+PMSX003-B+PMSX003-A,90,13,32,999.39,nan,36704,0,110,63.67,83.74,89.86,41.74,55.50,68.52,166,151,9817.79,2900.24,488.14,37.81,1.48,0.19,52.55,78.55,82.39,34.66,52.39,65.03,163,144,8751.63,2523.18,511.24,36.89,3.74,0.47
2023/02/06T18:31:35z,a8:48:fa:cf:f8:f2,7.00,2.0+OPENLOG+31037 MB+DS3231+BME280+PMSX003-B+PMSX003-A,91,13,33,999.52,0.03,36616,0,230,57.05,75.66,79.24,37.14,51.29,63.67,162,141,8956.24,2640.38,445.97,26.59,1.07,0.00,47.86,68.24,73.43,33.08,48.82,60.94,158,135,7898.14,2249.76,422.88,33.22,3.63,1.43
2023/02/06T18:33:35z,a8:48:fa:cf:f8:f2,7.00,2.0+OPENLOG+31037 MB+DS3231+BME280+PMSX003-B+PMSX003-A,91,13,33,999.46,0.03,36616,0,350,49.89,66.98,71.48,33.70,48.22,60.09,157,133,7931.00,2324.15,397.26,30.22,1.44,0.37,41.33,61.10,64.98,30.51,45.80,56.61,154,127,6988.18,1981.06,390.78,35.49,2.20,1.45
2023/02/06T18:35:35z,a8:48:fa:cf:f8:f2,7.00,2.0+OPENLOG+31037 MB+DS3231+BME280+PMSX003-B+PMSX003-A,91,13,33,999.41,0.03,36616,0,470,47.11,61.83,66.89,32.81,46.17,57.67,155,128,7409.67,2183.28,373.00,26.22,1.52,0.00,40.67,60.24,63.05,30.16,45.33,55.55,154,126,6810.36,1938.07,383.83,29.59,1.24,0.48
2023/02/06T18:37:35z,a8:48:fa:cf:f8:f2,7.00,2.0+OPENLOG+31037 MB+DS3231+BME280+PMSX003-B+PMSX003-A,91,13,33,999.46,0.03,36616,0,590,46.46,61.52,66.89,32.62,45.98,57.66,154,128,7351.71,2160.00,369.46,29.07,1.93,0.00,39.49,58.49,63.87,29.85,44.84,55.89,153,125,6675.82,1910.76,392.80,32.44,2.33,1.38
2023/02/06T18:39:35z,a8:48:fa:cf:f8:f2,7.00,2.0+OPENLOG+31037 MB+DS3231+BME280+PMSX003-B+PMSX003-A,91,13,34,999.35,0.03,36552,0,710,45.35,59.33,63.61,32.31,45.41,56.09,153,126,7204.39,2102.13,357.67,23.07,1.19,0.74,37.62,55.96,60.58,28.81,43.71,54.08,151,122,6376.69,1806.52,369.73,32.92,3.17,1.17
2023/02/06T18:41:35z,a8:48:fa:cf:f8:f2,7.00,2.0+OPENLOG+31037 MB+DS3231+BME280+PMSX003-B+PMSX003-A,91,13,34,999.30,0.03,36552,0,830,48.56,63.89,70.26,33.19,46.93,59.54,156,130,7703.33,2260.17,385.85,31.37,0.81,0.63,40.02,56.65,62.29,29.84,44.24,55.08,152,124,6700.47,1899.18,370.76,29.96,3.02,0.47
2023/02/06T18:43:35z,a8:48:fa:cf:f8:f2,7.00,2.0+OPENLOG+31037 MB+DS3231+BME280+PMSX003-B+PMSX003-A,91,13,34,999.13,0.03,36552,0,950,50.23,66.30,71.06,33.98,48.00,59.98,157,133,8009.77,2342.30,391.62,29.74,0.68,0.38,43.50,61.69,68.25,31.58,46.23,58.50,154,129,7218.23,2059.69,386.67,33.62,3.62,2.62
2023/02/06T18:45:35z,a8:48:fa:cf:f8:f2,7.00,2.0+OPENLOG+31037 MB+DS3231+BME280+PMSX003-B+PMSX003-A,91,13,34,999.03,0.03,36552,0,1070,42.91,56.98,63.41,31.27,44.27,55.80,152,124,6867.27,2005.88,342.86,33.25,1.11,0.32,36.72,51.38,57.29,28.53,41.76,52.26,141,118,6146.95,1734.00,321.17,29.41,3.24,2.79
2023/02/06T18:47:35z,a8:48:fa:cf:f8:f2,7.00,2.0+OPENLOG+31037 MB+DS3231+BME280+PMSX003-B+PMSX003-A,91,13,34,998.90,0.03,36552,0,1190,38.18,50.42,55.78,29.23,41.30,51.35,139,116,6079.65,1778.97,301.77,26.13,1.30,0.50,32.54,46.00,51.86,26.96,39.20,49.12,128,111,5456.58,1546.04,297.30,29.08,1.88,1.64
2023/02/06T18:49:26z,a8:48:fa:cf:f8:f2,7.00,2.0+OPENLOG+31037 MB+DS3231+BME280+PMSX003-B+PMSX003-A,91,13,34,998.82,nan,36704,0,110,32.98,44.51,49.63,26.91,38.28,47.49,124,109,5368.47,1574.14,281.63,24.09,1.77,0.65,30.07,42.02,44.00,25.69,36.93,43.71,118,106,4984.00,1420.45,259.81,13.76,1.00,1.00
2023/02/06T18:51:26z,a8:48:fa:cf:f8:f2,7.00,2.0+OPENLOG+31037 MB+DS3231+BME280+PMSX003-B+PMSX003-A,91,13,34,998.75,0.03,36616,0,230,92.58,126.35,134.84,61.60,84.91,94.14,188,166,14246.53,4219.14,792.98,57.12,3.72,1.23,78.86,119.34,129.28,53.20,80.98,91.34,184,164,12940.56,3725.00,819.56,64.44,8.16,3.52
2023/02/06T18:53:26z,a8:48:fa:cf:f8:f2,7.00,2.0+OPENLOG+31037 MB+DS3231+BME280+PMSX003-B+PMSX003-A,91,13,34,998.69,0.03,36616,0,350,148.91,202.93,210.84,98.58,134.55,139.69,253,192,22550.84,6712.69,1271.07,75.82,5.09,2.44,127.44,187.63,200.98,84.29,124.38,133.23,238,187,20298.29,5863.67,1237.90,93.63,10.12,4.65
2023/02/06T18:55:26z,a8:48:fa:cf:f8:f2,7.00,2.0+OPENLOG+31037 MB+DS3231+BME280+PMSX003-B+PMSX003-A,91,13,34,998.61,0.03,36616,0,470,194.13,265.49,273.47,128.75,176.20,181.62,316,227,29033.07,8669.11,1658.24,88.87,5.85,2.15,167.64,250.91,263.81,110.94,166.58,175.08,302,217,26759.43,7739.02,1667.30,114.30,11.51,5.62
2023/02/06T18:57:26z,a8:48:fa:cf:f8:f2,7.00,2.0+OPENLOG+31037 MB+DS3231+BME280+PMSX003-B+PMSX003-A,91,13,34,998.57,0.03,36616,0,590,227.98,316.33,323.93,151.07,209.98,215.15,367,260,33580.78,10113.54,2064.65,110.22,3.96,1.00,197.08,300.89,316.55,130.58,199.85,210.38,351,250,31205.09,9133.45,2093.96,131.70,14.94,7.74
2023/02/06T18:59:26z,a8:48:fa:cf:f8:f2,7.00,2.0+OPENLOG+31037 MB+DS3231+BME280+PMSX003-B+PMSX003-A,90,13,33,997.78,0.03,36616,0,710,243.26,343.23,351.53,161.32,227.98,233.44,393,278,35610.47,10814.84,2259.98,125.23,4.28,2.00,211.34,332.80,349.26,140.24,221.28,232.30,383,272,33389.46,9799.16,2315.68,167.32,16.48,9.56
2023/02/06T19:01:26z,a8:48:fa:cf:f8:f2,7.00,2.0+OPENLOG+31037 MB+DS3231+BME280+PMSX003-B+PMSX003-A,91,13,34,998.39,0.03,36616,0,830,198.02,275.35,281.24,131.20,182.71,186.64,326,233,29534.46,8892.58,1774.49,91.38,2.44,0.47,171.62,262.18,273.95,113.55,173.98,181.85,313,225,27494.18,7977.84,1789.62,114.25,11.09,4.65
2023/02/06T19:03:26z,a8:48:fa:cf:f8:f2,7.00,2.0+OPENLOG+31037 MB+DS3231+BME280+PMSX003-B+PMSX003-A,91,13,34,998.30,0.03,36616,0,950,161.96,226.05,232.42,107.44,149.95,154.29,276,200,24499.96,7342.18,1426.11,80.51,2.40,0.73,142.23,213.62,221.98,93.94,141.57,147.17,264,196,22870.70,6618.91,1441.30,82.66,7.13,3.36
2023/02/06T19:05:26z,a8:48:fa:cf:f8:f2,7.00,2.0+OPENLOG+31037 MB+DS3231+BME280+PMSX003-B+PMSX003-A,91,13,34,998.15,0.03,36616,0,1070,141.00,194.02,200.74,93.34,128.62,133.13,245,189,21455.32,6386.92,1218.19,71.13,2.68,0.57,123.02,184.84,196.91,81.36,122.49,130.58,235,186,19740.16,5704.51,1217.89,86.95,11.09,5.56
2023/02/06T19:07:26z,a8:48:fa:cf:f8:f2,7.00,2.0+OPENLOG+31037 MB+DS3231+BME280+PMSX003-B+PMSX003-A,92,13,34,998.06,0.03,36616,0,1190,117.70,160.44,165.37,77.70,106.25,109.53,211,177,17978.42,5346.07,997.44,54.91,1.33,0.14,98.25,143.34,150.53,64.57,94.75,99.55,197,172,15890.83,4599.58,946.23,57.89,3.92,1.32
2023/02/06T19:09:16z,a8:48:fa:cf:f8:f2,7.00,2.0+OPENLOG+31037 MB+DS3231+BME280+PMSX003-B+PMSX003-A,92,13,34,998.03,nan,36704,0,110,102.29,138.24,145.71,67.55,91.52,96.43,194,170,15627.86,4638.14,857.52,51.29,3.29,1.76,85.12,125.85,136.80,55.95,83.07,90.43,188,165,13968.22,4016.43,847.38,64.30,6.65,2.35
2023/02/06T19:11:16z,a8:48:fa:cf:f8:f2,7.00,2.0+OPENLOG+31037 MB+DS3231+BME280+PMSX003-B+PMSX003-A,91,13,34,998.03,0.03,36552,0,230,89.67,122.61,129.00,59.07,81.09,85.32,186,164,13903.53,4116.40,756.70,48.70,2.42,0.77,78.60,113.96,125.26,51.68,75.18,83.18,181,161,12723.96,3661.04,733.14,57.08,7.48,3.68
2023/02/06T19:13:16z,a8:48:fa:cf:f8:f2,7.00,2.0+OPENLOG+31037 MB+DS3231+BME280+PMSX003-B+PMSX003-A,92,13,34,997.96,0.03,36552,0,350,76.54,103.32,107.96,50.43,68.23,75.55,176,158,11913.16,3498.23,614.89,40.50,1.11,0.39,63.79,90.23,99.80,41.80,59.52,72.50,169,153,10427.14,2986.96,581.43,46.79,3.36,1.93
2023/02/06T19:15:16z,a8:48:fa:cf:f8:f2,7.00,2.0+OPENLOG+31037 MB+DS3231+BME280+PMSX003-B+PMSX003-A,92,13,34,997.86,0.03,36552,0,470,65.91,87.26,93.89,43.15,57.60,70.21,168,152,10151.77,2978.91,537.25,38.38,1.96,0.53,54.69,79.85,86.73,35.76,52.98,67.16,164,145,8996.84,2575.67,531.75,41.89,2.87,1.35
2023/02/06T19:17:16z,a8:48:fa:cf:f8:f2,7.00,2.0+OPENLOG+31037 MB+DS3231+BME280+PMSX003-B+PMSX003-A,92,13,34,997.81,0.03,36552,0,590,57.57,77.07,81.95,37.66,51.98,65.05,162,143,8953.07,2638.07,457.57,30.04,1.39,0.64,49.34,71.98,78.24,33.66,50.20,63.48,160,138,8090.40,2321.62,479.66,39.48,2.60,0.72
2023/02/06T19:19:16z,a8:48:fa:cf:f8:f2,7.00,2.0+OPENLOG+31037 MB+DS3231+BME280+PMSX003-B+PMSX003-A,92,13,34,997.76,0.03,36368,0,710,51.84,69.70,73.57,34.50,49.48,61.16,159,136,8159.36,2398.05,428.64,26.89,0.00,0.00,41.38,60.68,68.02,30.30,45.40,58.24,154,126,7023.72,1992.24,418.00,38.68,2.44,1.28
2023/02/06T19:21:16z,a8:48:fa:cf:f8:f2,7.00,2.0+OPENLOG+31037 MB+DS3231+BME280+PMSX003-B+PMSX003-A,92,13,34,997.61,0.03,36552,0,830,45.95,61.33,66.09,32.46,46.09,57.28,154,128,7324.26,2159.40,371.86,24.49,0.77,0.67,39.43,57.87,62.93,29.65,44.52,55.46,152,124,6630.67,1879.83,383.44,32.78,1.67,0.96
2023/02/06T19:23:16z,a8:48:fa:cf:f8:f2,7.00,2.0+OPENLOG+31037 MB+DS3231+BME280+PMSX003-B+PMSX003-A,92,13,34,997.52,0.03,36552,0,950,79.08,106.25,112.02,53.46,72.90,80.12,177,160,12222.92,3607.98,645.62,43.65,1.73,0.35,68.00,99.62,107.65,46.81,69.25,77.54,174,158,11196.69,3209.56,653.77,46.96,4.69,1.96
2023/02/06T19:25:16z,a8:48:fa:cf:f8:f2,7.00,2.0+OPENLOG+31037 MB+DS3231+BME280+PMSX003-B+PMSX003-A,92,13,34,997.52,0.03,36552,0,1070,122.04,162.65,169.35,80.58,107.69,112.18,214,178,18734.67,5552.58,956.00,56.22,1.56,0.87,104.22,149.85,158.47,68.65,99.13,104.95,200,174,16920.87,4853.20,979.24,59.13,3.85,2.47
2023/02/06T19:27:16z,a8:48:fa:cf:f8:f2,7.00,2.0+OPENLOG+31037 MB+DS3231+BME280+PMSX003-B+PMSX003-A,92,13,34,997.44,0.03,36552,0,1190,158.78,210.29,216.96,105.16,139.36,143.80,261,195,24038.84,7128.13,1265.35,64.84,1.75,0.73,135.65,195.82,206.78,89.61,129.84,137.10,246,190,21801.43,6274.75,1273.00,76.41,7.51,4.65
2023/02/06T19:29:07z,a8:48:fa:cf:f8:f2,7.00,2.0+OPENLOG+31037 MB+DS3231+BME280+PMSX003-B+PMSX003-A,92,13,34,997.32,nan,36704,0,110,145.36,191.88,198.81,96.17,127.05,131.69,242,188,21869.14,6489.10,1144.33,63.05,2.33,0.38,122.32,174.71,186.05,80.82,115.58,123.21,225,182,19697.68,5654.21,1120.39,76.47,8.84,3.11
2023/02/06T19:31:07z,a8:48:fa:cf:f8:f2,7.00,2.0+OPENLOG+31037 MB+DS3231+BME280+PMSX003-B+PMSX003-A,92,13,34,997.26,0.03,36616,0,230,120.82,160.07,165.82,79.71,106.02,109.77,211,177,18421.34,5446.43,933.50,56.04,2.54,0.36,101.76,146.16,153.25,67.14,96.82,101.47,198,173,16260.94,4699.02,949.20,58.08,4.78,1.45
2023/02/06T19:33:07z,a8:48:fa:cf:f8:f2,7.00,2.0+OPENLOG+31037 MB+DS3231+BME280+PMSX003-B+PMSX003-A,92,13,34,997.28,0.03,36616,0,350,178.46,247.46,256.06,118.19,164.41,170.00,297,215,26918.00,8050.26,1587.54,91.89,4.07,0.81,151.02,224.81,235.85,99.80,149.09,156.50,275,200,24108.83,6993.41,1500.17,103.65,6.81,2.74
2023/02/06T19:35:07z,a8:48:fa:cf:f8:f2,7.00,2.0+OPENLOG+31037 MB+DS3231+BME280+PMSX003-B+PMSX003-A,92,13,34,997.22,0.03,36304,0,470,219.51,304.77,310.81,145.62,202.49,206.57,355,253,32378.21,9769.17,1984.77,101.36,4.00,1.51,195.25,293.25,306.27,129.48,194.81,203.54,344,245,30646.85,8950.83,2001.44,125.10,9.42,4.12
2023/02/06T19:37:07z,a8:48:fa:cf:f8:f2,7.00,2.0+OPENLOG+31037 MB+DS3231+BME280+PMSX003-B+PMSX003-A,92,13,34,997.19,0.03,36616,0,590,211.67,296.50,299.47,140.28,196.81,198.79,347,247,31305.52,9452.59,1901.05,90.90,2.52,2.00,184.31,280.25,291.54,122.02,185.90,193.63,331,237,29179.90,8490.98,1907.85,115.27,10.62,5.50
2023/02/06T19:39:07z,a8:48:fa:cf:f8:f2,7.00,2.0+OPENLOG+31037 MB+DS3231+BME280+PMSX003-B+PMSX003-A,92,13,34,997.17,0.03,36616,0,710,169.47,233.34,238.40,112.34,154.79,158.16,284,206,25371.52,7602.84,1482.52,72.17,2.34,0.66,146.19,220.17,229.98,96.70,145.94,152.57,270,198,23454.79,6784.19,1465.23,104.68,7.13,2.60
2023/02/06T19:41:07z,a8:48:fa:cf:f8:f2,7.00,2.0+OPENLOG+31037 MB+DS3231+BME280+PMSX003-B+PMSX003-A,92,13,34,997.17,0.03,36616,0,830,147.61,199.86,207.19,97.72,132.67,137.51,250,191,22111.26,6599.09,1262.32,69.05,3.16,1.26,126.66,188.74,196.64,83.75,125.11,130.49,239,187,20280.51,5880.06,1255.94,80.15,6.34,2.04
2023/02/06T19:43:07z,a8:48:fa:cf:f8:f2,7.00,2.0+OPENLOG+31037 MB+DS3231+BME280+PMSX003-B+PMSX003-A,92,13,34,996.97,0.03,36616,0,950,129.74,173.24,180.37,85.78,114.78,119.56,224,182,19546.83,5802.11,1060.56,59.85,2.41,0.93,108.66,158.72,168.89,71.60,105.11,111.89,210,177,17486.83,5045.68,1070.62,68.57,5.28,2.72
2023/02/06T19:45:07z,a8:48:fa:cf:f8:f2,7.00,2.0+OPENLOG+31037 MB+DS3231+BME280+PMSX003-B+PMSX003-A,92,13,34,996.96,0.03,36432,0,1070,112.05,149.33,154.63,73.91,98.79,102.37,200,174,17041.32,5039.93,903.68,48.49,1.23,0.56,91.42,134.15,145.89,60.26,88.64,96.43,192,168,14898.51,4266.72,886.19,66.72,7.89,3.06
2023/02/06T19:47:07z,a8:48:fa:cf:f8:f2,7.00,2.0+OPENLOG+31037 MB+DS3231+BME280+PMSX003-B+PMSX003-A,92,13,34,997.03,0.03,36616,0,1190,95.81,128.60,133.77,63.04,84.92,88.36,189,166,14668.25,4341.47,787.51,43.47,2.30,0.57,81.04,117.09,125.11,53.28,77.45,83.04,183,163,13009.98,3752.32,772.43,55.96,3.49,1.57
2023/02/06T19:48:57z,a8:48:fa:cf:f8:f2,7.00,2.0+OPENLOG+31037 MB+DS3231+BME280+PMSX003-B+PMSX003-A,92,13,34,997.00,nan,36704,0,110,82.18,110.45,116.20,54.08,72.88,78.78,180,160,12748.05,3757.65,690.00,41.75,0.45,0.45,69.76,100.89,109.43,45.78,66.43,76.38,175,157,11440.62,3278.46,671.62,49.03,2.97,1.68
2023/02/06T19:50:57z,a8:48:fa:cf:f8:f2,7.00,2.0+OPENLOG+31037 MB+DS3231+BME280+PMSX003-B+PMSX003-A,92,13,34,996.89,0.03,36552,0,230,71.78,97.04,103.35,47.00,63.84,73.62,173,156,11367.22,3334.98,594.98,40.65,1.20,0.18,61.65,87.88,95.48,40.38,57.85,70.77,168,152,10057.50,2876.10,571.25,41.62,2.54,1.50
2023/02/06T19:52:57z,a8:48:fa:cf:f8:f2,7.00,2.0+OPENLOG+31037 MB+DS3231+BME280+PMSX003-B+PMSX003-A,92,13,34,996.91,0.03,36552,0,350,63.59,85.20,89.46,41.61,56.14,68.25,167,152,9916.55,2944.00,514.82,28.82,1.79,0.79,54.31,76.63,83.00,35.90,51.94,65.60,162,143,8896.33,2530.44,490.40,35.85,2.81,1.65
2023/02/06T19:54:57z,a8:48:fa:cf:f8:f2,7.00,2.0+OPENLOG+31037 MB+DS3231+BME280+PMSX003-B+PMSX003-A,92,13,34,997.00,0.03,36552,0,470,53.55,71.70,76.53,35.40,49.81,62.43,160,137,8421.96,2471.30,446.57,31.40,0.75,0.45,46.73,66.37,71.73,32.69,48.06,60.15,157,133,7739.02,2217.94,433.13,32.08,1.65,0.27
2023/02/06T19:56:57z,a8:48:fa:cf:f8:f2,7.00,2.0+OPENLOG+31037 MB+DS3231+BME280+PMSX003-B+PMSX003-A,92,13,34,997.01,0.03,36552,0,590,47.26,62.93,66.81,32.84,46.64,57.81,155,130,7461.83,2187.28,374.14,27.59,1.21,0.76,39.78,56.55,62.73,29.71,43.80,55.22,152,123,6654.71,1913.35,366.90,32.08,1.65,1.25
2023/02/06T19:58:57z,a8:48:fa:cf:f8:f2,7.00,2.0+OPENLOG+31037 MB+DS3231+BME280+PMSX003-B+PMSX003-A,92,13,34,997.06,0.03,36552,0,710,42.72,56.39,61.44,31.30,44.11,54.74,152,123,6695.84,1964.58,337.58,26.74,0.70,0.18,36.23,52.23,58.00,28.46,42.27,52.67,143,119,6038.94,1724.65,335.10,32.19,2.12,0.92
2023/02/06T20:00:57z,a8:48:fa:cf:f8:f2,7.00,2.0+OPENLOG+31037 MB+DS3231+BME280+PMSX003-B+PMSX003-A,92,13,34,996.98,0.03,36552,0,830,59.45,79.12,84.75,42.09,58.04,66.95,163,153,9214.29,2717.05,481.61,35.29,0.50,0.32,47.62,66.40,72.02,35.21,50.37,59.31,157,139,7691.83,2223.44,414.23,30.65,2.50,0.88
2023/02/06T20:02:57z,a8:48:fa:cf:f8:f2,7.00,2.0+OPENLOG+31037 MB+DS3231+BME280+PMSX003-B+PMSX003-A,92,13,34,996.94,0.03,36552,0,950,182.04,246.44,253.40,120.69,163.65,168.12,296,215,27391.73,8161.19,1497.77,81.23,2.62,0.73,156.72,230.31,242.78,103.67,152.78,161.02,281,204,24930.55,7242.85,1503.26,104.19,8.67,3.15
2023/02/06T20:04:57z,a8:48:fa:cf:f8:f2,7.00,2.0+OPENLOG+31037 MB+DS3231+BME280+PMSX003-B+PMSX003-A,92,13,34,996.95,0.03,36552,0,1070,175.68,237.18,243.50,116.41,157.34,161.55,287,208,26403.43,7859.95,1441.91,79.25,2.82,1.11,146.79,214.81,225.62,97.15,142.45,149.72,265,196,23380.75,6778.43,1417.79,79.21,7.74,6.30
2023/02/06T20:06:57z,a8:48:fa:cf:f8:f2,7.00,2.0+OPENLOG+31037 MB+DS3231+BME280+PMSX003-B+PMSX003-A,92,13,34,997.01,0.03,36552,0,1190,207.54,283.25,290.29,137.67,188.12,192.92,334,239,30887.48,9248.54,1770.17,92.65,1.96,0.88,176.42,257.88,271.83,116.92,171.19,180.46,309,222,28016.12,8123.15,1700.98,111.33,10.50,3.83
2023/02/06T20:08:48z,a8:48:fa:cf:f8:f2,7.00,2.0+OPENLOG+31037 MB+DS3231+BME280+PMSX003-B+PMSX003-A,92,13,34,997.01,nan,36704,0,110,203.36,280.18,285.82,134.93,186.04,189.91,331,237,29874.93,9012.22,1783.96,90.58,2.76,1.33,174.23,256.33,267.72,115.38,170.21,177.64,307,221,27561.77,7979.72,1701.79,108.77,8.00,2.92
2023/02/06T20:10:48z,a8:48:fa:cf:f8:f2,7.00,2.0+OPENLOG+31037 MB+DS3231+BME280+PMSX003-B+PMSX003-A,92,13,34,996.97,0.03,36616,0,230,231.45,327.89,334.21,153.57,217.96,222.12,378,268,34184.89,10312.09,2171.91,118.71,4.64,1.93,199.27,305.45,320.73,132.20,202.88,213.02,356,253,31651.04,9243.33,2130.94,132.67,11.35,4.29
2023/02/06T20:12:48z,a8:48:fa:cf:f8:f2,7.00,2.0+OPENLOG+31037 MB+DS3231+BME280+PMSX003-B+PMSX003-A,92,13,34,996.97,0.03,36552,0,350,185.89,256.93,260.55,123.20,170.64,172.88,308,221,27856.18,8298.71,1609.61,83.68,2.11,0.50,158.25,238.23,247.92,104.75,158.00,164.57,288,209,25348.53,7342.96,1637.00,91.58,7.92,3.66
2023/02/06T20:14:48z,a8:48:fa:cf:f8:f2,7.00,2.0+OPENLOG+31037 MB+DS3231+BME280+PMSX003-B+PMSX003-A,92,13,34,996.95,0.03,36552,0,470,157.15,214.30,220.81,104.02,142.06,146.56,265,196,23768.55,7060.30,1352.26,68.74,2.59,0.59,135.91,203.87,212.76,89.91,135.15,141.06,254,192,21922.50,6335.98,1369.24,88.26,6.59,2.85
2023/02/06T20:16:48z,a8:48:fa:cf:f8:f2,7.00,2.0+OPENLOG+31037 MB+DS3231+BME280+PMSX003-B+PMSX003-A,92,13,34,996.91,0.03,36552,0,590,127.28,172.93,178.54,83.95,114.47,118.25,224,182,19487.16,5773.95,1061.54,57.47,2.84,0.46,111.33,163.94,173.14,73.57,108.57,114.78,215,179,17930.94,5171.57,1064.12,73.18,5.92,2.16
2023/02/06T20:18:48z,a8:48:fa:cf:f8:f2,7.00,2.0+OPENLOG+31037 MB+DS3231+BME280+PMSX003-B+PMSX003-A,92,13,34,996.89,0.03,36552,0,710,113.65,153.84,156.68,74.95,101.96,103.75,205,175,17240.21,5096.00,947.23,46.39,1.26,0.49,94.65,138.40,146.88,62.33,91.62,97.27,194,170,15448.00,4413.02,920.06,57.75,5.29,1.92
2023/02/06T20:20:48z,a8:48:fa:cf:f8:f2,7.00,2.0+OPENLOG+31037 MB+DS3231+BME280+PMSX003-B+PMSX003-A,92,13,34,996.86,0.03,36552,0,830,100.93,135.04,140.91,66.59,89.20,93.20,192,169,15381.78,4559.57,818.96,51.81,1.48,0.70,83.19,122.19,130.10,54.69,80.73,86.17,186,164,13616.94,3900.98,797.19,58.00,3.92,2.23
2023/02/06T20:22:48z,a8:48:fa:cf:f8:f2,7.00,2.0+OPENLOG+31037 MB+DS3231+BME280+PMSX003-B+PMSX003-A,92,13,34,996.80,0.03,36552,0,950,87.64,115.73,121.58,57.60,76.25,81.04,182,162,13495.69,3967.93,695.38,41.05,1.42,0.44,72.80,106.35,116.17,47.91,70.19,78.87,177,159,11855.50,3392.28,716.13,57.00,5.70,2.52
2023/02/06T20:24:48z,a8:48:fa:cf:f8:f2,7.00,2.0+OPENLOG+31037 MB+DS3231+BME280+PMSX003-B+PMSX003-A,92,12,34,996.71,0.03,36552,0,1070,74.23,99.57,104.82,48.84,65.61,74.25,174,156,11545.18,3392.34,598.54,40.11,1.79,0.36,61.85,90.83,98.06,40.38,59.74,71.58,169,153,10222.42,2913.21,591.38,50.57,2.42,1.09
2023/02/06T20:26:48z,a8:48:fa:cf:f8:f2,7.00,2.0+OPENLOG+31037 MB+DS3231+BME280+PMSX003-B+PMSX003-A,92,13,34,996.65,0.03,36552,0,1190,66.55,87.52,92.30,43.70,57.75,69.46,168,152,10292.84,3016.29,512.79,35.04,0.61,0.36,55.72,80.86,87.12,36.54,53.88,67.22,164,147,9125.28,2628.38,527.70,42.28,1.56,0.88
2023/02/06T20:28:39z,a8:48:fa:cf:f8:f2,7.00,2.0+OPENLOG+31037 MB+DS3231+BME280+PMSX003-B+PMSX003-A,92,12,34,996.72,nan,36704,0,110,58.19,77.23,81.86,38.14,51.95,65.09,162,143,9088.60,2671.58,460.93,32.88,0.42,0.00,48.33,69.23,75.87,33.33,49.33,62.33,158,136,7977.77,2284.03,441.00,37.64,2.15,1.28
2023/02/06T20:30:39z,a8:48:fa:cf:f8:f2,7.00,2.0+OPENLOG+31037 MB+DS3231+BME280+PMSX003-B+PMSX003-A,92,12,34,996.67,0.03,36616,0,230,53.71,71.55,76.33,35.40,50.16,62.47,160,138,8396.79,2469.57,422.10,31.03,1.41,0.17,43.71,62.75,69.77,31.35,46.42,59.15,155,129,7227.75,2069.67,416.23,39.71,1.92,0.71
2023/02/06T20:32:39z,a8:48:fa:cf:f8:f2,7.00,2.0+OPENLOG+31037 MB+DS3231+BME280+PMSX003-B+PMSX003-A,92,12,34,996.56,0.03,36616,0,350,45.27,58.96,63.80,32.14,45.09,56.11,153,126,7059.00,2080.02,356.46,25.71,0.68,0.00,38.24,55.44,60.35,29.22,43.49,54.04,151,122,6442.25,1841.33,352.35,32.15,1.45,0.73
2023/02/06T20:34:39z,a8:48:fa:cf:f8:f2,7.00,2.0+OPENLOG+31037 MB+DS3231+BME280+PMSX003-B+PMSX003-A,92,12,34,996.53,0.03,36616,0,470,40.53,53.55,57.07,30.24,42.71,52.18,146,120,6448.75,1881.96,316.55,23.16,0.18,0.00,32.75,48.27,54.45,26.94,40.18,50.47,134,114,5545.53,1575.63,322.06,36.47,0.86,0.27
2023/02/06T20:36:39z,a8:48:fa:cf:f8:f2,7.00,2.0+OPENLOG+31037 MB+DS3231+BME280+PMSX003-B+PMSX003-A,92,12,33,996.50,0.03,36616,0,590,35.61,47.86,48.32,28.00,40.09,46.74,133,113,5668.26,1657.93,282.91,13.51,0.00,0.00,29.17,41.94,45.55,25.15,36.92,44.74,118,106,4893.85,1399.36,271.83,22.00,1.06,0.11
2023/02/06T20:38:39z,a8:48:fa:cf:f8:f2,7.00,2.0+OPENLOG+31037 MB+DS3231+BME280+PMSX003-B+PMSX003-A,92,12,33,996.43,0.03,36616,0,710,32.47,43.71,49.35,26.85,37.96,47.36,122,108,5248.09,1530.25,274.18,28.95,1.42,0.62,28.71,40.96,46.96,24.75,36.29,45.94,116,104,4870.62,1388.17,267.81,28.29,0.88,0.46
2023/02/06T20:40:39z,a8:48:fa:cf:f8:f2,7.00,2.0+OPENLOG+31037 MB+DS3231+BME280+PMSX003-B+PMSX003-A,92,13,34,996.37,0.03,36552,0,830,28.41,37.70,39.96,24.57,34.34,39.88,108,99,4622.57,1349.93,222.64,12.25,0.82,0.82,25.12,35.25,39.96,22.67,32.67,39.90,102,95,4301.65,1220.22,233.47,18.31,2.35,1.53
2023/02/06T20:42:39z,a8:48:fa:cf:f8:f2,7.00,2.0+OPENLOG+31037 MB+DS3231+BME280+PMSX003-B+PMSX003-A,92,13,34,996.34,0.03,36552,0,950,26.57,36.19,39.98,23.53,33.34,39.85,104,96,4297.19,1268.15,227.47,19.43,0.57,0.00,23.21,33.11,34.86,21.61,31.41,34.86,96,92,3990.48,1122.70,208.07,14.39,0.36,0.18
2023/02/06T20:44:39z,a8:48:fa:cf:f8:f2,7.00,2.0+OPENLOG+31037 MB+DS3231+BME280+PMSX003-B+PMSX003-A,92,12,34,996.16,0.03,36552,0,1070,23.68,32.36,35.29,21.84,31.07,35.29,94,92,3883.50,1138.43,197.11,17.50,0.18,0.18,20.00,28.17,29.21,19.72,28.11,29.21,85,85,3338.60,955.62,177.49,11.55,0.00,0.00
2023/02/06T20:46:39z,a8:48:fa:cf:f8:f2,7.00,2.0+OPENLOG+31037 MB+DS3231+BME280+PMSX003-B+PMSX003-A,92,13,34,995.98,0.03,36552,0,1190,23.42,31.63,32.93,21.65,30.56,32.93,93,91,3861.05,1133.02,185.82,11.44,0.00,0.00,19.62,28.28,31.53,19.21,28.06,31.53,86,85,3349.25,942.70,189.36,16.91,1.02,1.02
2023/02/06T20:48:29z,a8:48:fa:cf:f8:f2,7.00,2.0+OPENLOG+31037 MB+DS3231+BME280+PMSX003-B+PMSX003-A,91,13,33,996.01,nan,36704,0,110,26.12,34.44,37.77,23.23,32.35,37.77,99,94,4220.65,1235.07,215.21,15.35,0.70,0.70,22.16,32.00,36.18,20.79,30.74,36.18,94,91,3801.32,1097.53,216.45,19.74,1.47,1.37
2023/02/06T20:50:29z,a8:48:fa:cf:f8:f2,7.00,2.0+OPENLOG+31037 MB+DS3231+BME280+PMSX003-B+PMSX003-A,91,13,33,996.05,0.03,36616,0,230,29.64,38.21,42.64,25.40,34.71,42.31,109,99,4749.00,1398.43,232.14,18.83,0.52,0.17,25.27,35.92,39.29,22.76,33.10,39.18,103,96,4275.12,1208.92,229.65,20.57,1.51,0.45
2023/02/06T20:52:29z,a8:48:fa:cf:f8:f2,7.00,2.0+OPENLOG+31037 MB+DS3231+BME280+PMSX003-B+PMSX003-A,91,13,33,996.10,0.03,36616,0,350,34.89,46.02,50.68,28.00,39.21,48.39,128,111,5541.59,1622.00,281.68,24.25,0.21,0.00,28.70,40.56,46.06,24.72,36.11,45.06,115,104,4827.06,1375.89,268.09,25.52,1.93,0.67
2023/02/06T20:54:29z,a8:48:fa:cf:f8:f2,7.00,2.0+OPENLOG+31037 MB+DS3231+BME280+PMSX003-B+PMSX003-A,91,13,33,995.95,0.03,36616,0,470,37.27,48.54,52.37,28.90,40.48,49.33,134,114,5872.56,1715.52,287.31,21.62,0.23,0.23,31.12,43.90,49.92,26.08,37.86,47.72,123,108,5239.02,1497.32,292.06,28.92,0.72,0.00
2023/02/06T20:56:29z,a8:48:fa:cf:f8:f2,7.00,2.0+OPENLOG+31037 MB+DS3231+BME280+PMSX003-B+PMSX003-A,91,13,33,995.82,0.03,36616,0,590,38.97,52.28,56.90,29.64,42.22,52.14,143,119,6263.38,1827.71,309.17,26.62,0.48,0.00,33.88,46.73,50.96,27.44,39.46,48.48,130,112,5561.83,1593.04,282.29,24.12,1.62,0.77
2023/02/06T20:58:29z,a8:48:fa:cf:f8:f2,7.00,2.0+OPENLOG+31037 MB+DS3231+BME280+PMSX003-B+PMSX003-A,91,13,34,995.82,0.03,36616,0,710,40.02,52.50,56.72,29.74,42.16,51.79,144,119,6380.17,1869.95,322.14,22.55,0.72,0.31,32.06,45.23,51.55,26.60,38.66,48.83,126,110,5413.70,1541.19,291.60,30.57,1.55,0.79
2023/02/06T21:00:29z,a8:48:fa:cf:f8:f2,7.00,2.0+OPENLOG+31037 MB+DS3231+BME280+PMSX003-B+PMSX003-A,91,13,34,995.83,0.03,36616,0,830,40.80,54.18,59.91,30.47,43.24,53.87,148,121,6536.67,1906.65,327.56,28.22,1.35,1.02,34.28,49.15,53.15,27.53,40.53,49.70,136,115,5830.75,1652.30,308.64,26.23,0.91,0.34
2023/02/06T21:02:29z,a8:48:fa:cf:f8:f2,7.00,2.0+OPENLOG+31037 MB+DS3231+BME280+PMSX003-B+PMSX003-A,90,13,33,995.89,0.03,36616,0,950,39.54,52.07,57.02,29.87,42.24,52.06,143,119,6272.67,1833.83,306.19,25.85,1.00,0.22,32.19,45.42,49.27,26.58,38.58,47.13,127,110,5466.40,1546.44,270.96,22.81,2.19,0.54
2023/02/06T21:04:29z,a8:48:fa:cf:f8:f2,7.00,2.0+OPENLOG+31037 MB+DS3231+BME280+PMSX003-B+PMSX003-A,90,13,33,995.92,0.03,36616,0,1070,36.40,48.28,52.53,28.40,40.36,49.45,134,114,5779.29,1689.95,295.62,24.97,0.00,0.00,30.25,43.60,48.96,25.62,37.68,47.06,122,108,5062.30,1456.77,276.94,28.38,1.58,0.60
2023/02/06T21:06:29z,a8:48:fa:cf:f8:f2,7.00,2.0+OPENLOG+31037 MB+DS3231+BME280+PMSX003-B+PMSX003-A,90,13,33,995.83,0.04,36616,0,1190,35.24,46.40,48.95,27.93,39.33,47.19,129,112,5578.50,1627.36,266.52,18.69,0.38,0.21,29.37,41.59,45.39,25.02,36.69,44.45,117,105,4990.41,1410.51,274.00,20.12,1.53,0.31
2023/02/06T21:08:20z,a8:48:fa:cf:f8:f2,7.00,2.0+OPENLOG+31037 MB+DS3231+BME280+PMSX003-B+PMSX003-A,90,13,33,995.74,nan,36704,0,110,32.75,42.73,44.82,26.98,37.39,44.39,120,107,5248.30,1522.82,241.91,13.59,0.00,0.00,26.55,37.71,41.03,23.29,34.32,40.87,108,99,4553.53,1292.00,247.71,17.63,1.26,0.00
2023/02/06T21:10:20z,a8:48:fa:cf:f8:f2,7.00,2.0+OPENLOG+31037 MB+DS3231+BME280+PMSX003-B+PMSX003-A,89,13,33,995.72,0.04,36616,0,230,32.42,42.00,44.02,26.89,36.93,43.67,118,106,5052.00,1489.51,246.35,14.63,0.35,0.00,26.81,37.42,40.55,23.64,34.28,40.40,107,98,4494.40,1263.72,238.02,20.34,1.47,0.00
2023/02/06T21:12:20z,a8:48:fa:cf:f8:f2,7.00,2.0+OPENLOG+31037 MB+DS3231+BME280+PMSX003-B+PMSX003-A,89,13,33,995.63,0.04,36616,0,350,29.52,38.34,40.62,25.25,34.59,40.52,109,99,4705.66,1374.82,224.21,14.11,0.57,0.18,25.60,36.58,40.80,22.91,33.64,40.71,105,97,4324.58,1237.95,230.95,23.89,0.87,0.87
2023/02/06T21:14:20z,a8:48:fa:cf:f8:f2,7.00,2.0+OPENLOG+31037 MB+DS3231+BME280+PMSX003-B+PMSX003-A,89,13,33,995.61,0.04,36552,0,470,26.86,34.80,37.50,23.39,32.48,37.50,100,95,4309.07,1275.86,203.11,14.14,0.89,0.00,22.32,33.33,37.61,21.23,31.79,37.61,96,93,3874.74,1100.21,224.58,22.60,0.95,0.00
2023/02/06T21:16:20z,a8:48:fa:cf:f8:f2,7.00,2.0+OPENLOG+31037 MB+DS3231+BME280+PMSX003-B+PMSX003-A,89,13,33,995.62,0.04,36552,0,590,25.39,33.41,37.19,22.88,31.73,37.19,97,93,4117.12,1202.07,189.08,19.83,0.34,0.17,20.56,29.57,31.65,20.04,29.20,31.65,88,88,3555.94,1003.39,172.30,16.26,0.48,0.48
2023/02/06T21:18:20z,a8:48:fa:cf:f8:f2,7.00,2.0+OPENLOG+31037 MB+DS3231+BME280+PMSX003-B+PMSX003-A,88,14,32,995.58,0.04,36552,0,710,24.05,31.51,35.02,22.05,30.72,35.02,93,91,3888.53,1143.12,187.44,17.05,0.32,0.00,20.41,28.98,30.50,19.83,28.70,30.50,87,87,3498.94,997.06,178.52,14.22,0.89,0.52
2023/02/06T21:20:20z,a8:48:fa:cf:f8:f2,7.00,2.0+OPENLOG+31037 MB+DS3231+BME280+PMSX003-B+PMSX003-A,88,14,32,995.52,0.03,36552,0,830,22.14,29.62,32.84,21.02,29.30,32.84,89,88,3645.86,1067.36,174.57,15.00,0.04,0.00,19.39,27.71,29.82,19.20,27.67,29.82,84,84,3267.88,949.06,174.47,14.55,1.10,0.86
2023/02/06T21:22:20z,a8:48:fa:cf:f8:f2,7.00,2.0+OPENLOG+31037 MB+DS3231+BME280+PMSX003-B+PMSX003-A,88,14,33,995.54,0.04,36552,0,950,20.69,27.31,28.54,20.11,27.30,28.54,84,84,3355.00,983.93,152.67,10.56,0.00,0.00,17.96,26.75,29.61,17.96,26.75,29.61,82,82,3140.30,907.20,178.79,15.93,0.75,0.36
2023/02/06T21:24:20z,a8:48:fa:cf:f8:f2,7.00,2.0+OPENLOG+31037 MB+DS3231+BME280+PMSX003-B+PMSX003-A,88,14,33,995.52,0.04,36552,0,1070,21.48,28.34,28.95,20.59,28.00,28.95,86,85,3466.61,1017.07,170.50,8.36,0.36,0.00,17.31,24.79,26.92,17.31,24.79,26.92,78,78,3025.50,854.38,158.17,12.19,1.12,0.81
2023/02/06T21:26:20z,a8:48:fa:cf:f8:f2,7.00,2.0+OPENLOG+31037 MB+DS3231+BME280+PMSX003-B+PMSX003-A,87,14,32,995.43,0.04,36552,0,1190,24.60,34.09,37.49,22.47,32.21,37.49,98,94,3959.68,1167.65,209.51,21.61,0.00,0.00,20.63,29.61,32.14,19.94,29.22,32.14,89,88,3594.31,1017.18,205.29,13.43,1.51,0.61
2023/02/06T21:28:10z,a8:48:fa:cf:f8:f2,7.00,2.0+OPENLOG+31037 MB+DS3231+BME280+PMSX003-B+PMSX003-A,87,14,32,995.44,nan,36704,0,110,26.16,35.81,39.42,23.26,33.37,39.42,103,97,4229.44,1232.74,218.28,21.44,0.00,0.00,22.02,32.53,33.50,21.02,31.35,33.50,95,92,3712.95,1064.40,212.62,13.30,1.30,0.10
2023/02/06T21:30:10z,a8:48:fa:cf:f8:f2,7.00,2.0+OPENLOG+31037 MB+DS3231+BME280+PMSX003-B+PMSX003-A,87,14,32,995.42,0.04,36368,0,230,28.64,39.38,43.95,24.73,35.32,43.50,112,102,4613.79,1359.25,262.89,22.79,0.36,0.36,24.77,37.34,43.08,22.60,34.19,42.92,107,98,4246.92,1218.96,260.85,28.57,1.02,0.57
2023/02/06T21:32:10z,a8:48:fa:cf:f8:f2,7.00,2.0+OPENLOG+31037 MB+DS3231+BME280+PMSX003-B+PMSX003-A,87,14,32,995.32,0.04,36552,0,350,30.33,42.71,47.69,25.75,37.39,46.37,120,107,4904.76,1447.73,285.57,27.41,0.59,0.04,24.66,36.91,39.06,22.51,33.77,39.06,106,97,4225.64,1199.85,254.55,18.87,0.23,0.00
2023/02/06T21:34:10z,a8:48:fa:cf:f8:f2,7.00,2.0+OPENLOG+31037 MB+DS3231+BME280+PMSX003-B+PMSX003-A,87,14,32,995.25,0.03,36552,0,470,30.79,43.47,48.53,26.00,37.70,46.77,122,108,5014.02,1481.04,298.34,25.32,1.06,0.34,27.39,40.46,45.59,23.81,35.93,44.64,114,103,4639.73,1342.39,284.53,24.88,1.86,0.81
2023/02/06T21:36:10z,a8:48:fa:cf:f8:f2,7.00,2.0+OPENLOG+31037 MB+DS3231+BME280+PMSX003-B+PMSX003-A,87,14,32,995.18,0.04,36552,0,590,31.51,43.23,46.67,26.44,37.74,45.75,121,108,5003.00,1476.46,282.56,21.82,0.49,0.00,25.11,38.15,41.02,22.68,34.38,40.68,109,99,4299.79,1226.87,257.40,23.21,0.38,0.38
2023/02/06T21:38:10z,a8:48:fa:cf:f8:f2,7.00,2.0+OPENLOG+31037 MB+DS3231+BME280+PMSX003-B+PMSX003-A,87,14,32,995.22,0.04,36552,0,710,31.53,42.65,45.25,26.51,37.33,44.58,120,107,4998.32,1467.72,264.67,16.84,0.88,0.39,26.74,39.22,45.22,23.60,35.26,44.46,111,102,4498.98,1285.84,277.74,29.60,1.12,0.48
2023/02/06T21:40:10z,a8:48:fa:cf:f8:f2,7.00,2.0+OPENLOG+31037 MB+DS3231+BME280+PMSX003-B+PMSX003-A,87,14,32,995.18,0.04,36552,0,830,28.16,39.04,43.35,24.55,35.22,43.11,111,102,4451.35,1317.38,258.47,23.24,0.44,0.00,22.98,35.55,40.55,21.55,33.00,40.51,102,96,3919.08,1125.94,252.42,27.51,2.04,0.98
2023/02/06T21:42:10z,a8:48:fa:cf:f8:f2,7.00,2.0+OPENLOG+31037 MB+DS3231+BME280+PMSX003-B+PMSX003-A,87,14,32,995.15,0.04,36552,0,950,27.27,38.35,41.29,23.69,34.53,41.15,109,99,4421.13,1316.69,258.07,19.53,0.33,0.00,23.87,34.96,40.91,22.07,32.71,40.91,100,95,4049.45,1160.33,241.44,26.76,1.78,0.65
2023/02/06T21:44:10z,a8:48:fa:cf:f8:f2,7.00,2.0+OPENLOG+31037 MB+DS3231+BME280+PMSX003-B+PMSX003-A,87,14,32,995.07,0.04,36552,0,1070,26.05,36.98,39.65,23.23,33.96,39.65,106,98,4189.68,1236.88,238.60,18.39,1.09,0.00,21.68,33.66,38.79,20.68,31.81,38.70,97,93,3719.89,1078.53,242.66,28.23,2.11,0.68
2023/02/06T21:46:10z,a8:48:fa:cf:f8:f2,7.00,2.0+OPENLOG+31037 MB+DS3231+BME280+PMSX003-B+PMSX003-A,87,14,32,995.06,0.04,36552,0,1190,24.04,33.47,37.15,22.07,31.89,37.15,97,93,3867.71,1141.02,228.00,21.38,0.55,0.00,20.02,30.84,35.94,19.58,30.18,35.94,91,90,3492.54,991.34,220.84,26.56,2.32,1.16
2023/02/06T21:48:00z,a8:48:fa:cf:f8:f2,7.00,2.0+OPENLOG+31037 MB+DS3231+BME280+PMSX003-B+PMSX003-A,87,14,32,995.03,nan,36704,0,110,23.81,33.95,38.88,22.12,32.17,38.88,98,94,3861.86,1144.48,224.10,26.14,1.33,1.10,21.25,31.95,34.35,20.40,30.80,34.35,94,91,3633.30,1044.53,206.77,17.40,3.10,1.75
2023/02/06T21:50:00z,a8:48:fa:cf:f8:f2,7.00,2.0+OPENLOG+31037 MB+DS3231+BME280+PMSX003-B+PMSX003-A,87,14,32,995.03,0.04,36616,0,230,23.02,33.70,36.54,21.68,31.96,36.54,97,94,3754.63,1108.49,220.56,21.37,0.67,0.46,19.42,30.25,37.46,19.10,29.63,37.46,90,89,3319.21,959.58,226.27,30.08,4.31,0.77
2023/02/06T21:52:00z,a8:48:fa:cf:f8:f2,7.00,2.0+OPENLOG+31037 MB+DS3231+BME280+PMSX003-B+PMSX003-A,87,14,32,995.01,0.04,36616,0,350,25.18,35.45,37.87,22.82,33.22,37.87,102,96,4000.69,1182.29,232.33,17.60,1.60,0.91,21.54,34.78,39.35,20.48,32.46,39.30,100,95,3748.83,1076.41,243.85,29.85,3.56,2.04
2023/02/06T21:54:00z,a8:48:fa:cf:f8:f2,7.00,2.0+OPENLOG+31037 MB+DS3231+BME280+PMSX003-B+PMSX003-A,87,14,32,995.01,0.04,36616,0,470,30.02,42.96,48.00,25.58,37.64,46.56,121,107,4824.05,1415.67,284.91,27.31,3.56,1.35,25.60,41.62,48.26,23.02,36.70,46.74,117,105,4389.40,1266.11,298.74,37.51,3.74,2.75
2023/02/06T21:56:00z,a8:48:fa:cf:f8:f2,7.00,2.0+OPENLOG+31037 MB+DS3231+BME280+PMSX003-B+PMSX003-A,87,14,32,995.03,0.04,36616,0,590,38.35,55.15,62.82,29.31,43.40,55.55,151,122,6090.11,1802.80,369.67,41.45,2.91,1.16,32.58,51.30,58.68,26.83,41.75,53.26,141,118,5557.81,1600.79,350.81,38.79,5.17,3.70
2023/02/06T21:58:00z,a8:48:fa:cf:f8:f2,7.00,2.0+OPENLOG+31037 MB+DS3231+BME280+PMSX003-B+PMSX003-A,87,14,32,994.98,0.04,36616,0,710,44.30,64.20,70.37,31.80,47.09,59.50,156,131,7103.83,2085.98,419.56,40.81,2.74,0.41,37.61,58.92,69.63,29.06,45.12,59.18,153,126,6354.00,1831.06,419.96,47.33,6.90,3.49
2023/02/06T22:00:00z,a8:48:fa:cf:f8:f2,7.00,2.0+OPENLOG+31037 MB+DS3231+BME280+PMSX003-B+PMSX003-A,87,14,32,994.91,0.04,36616,0,830,53.81,78.57,85.77,35.51,52.57,66.77,163,144,8507.32,2523.62,505.21,53.89,2.30,0.57,47.25,70.02,79.38,32.96,49.52,63.96,159,137,7746.81,2227.71,490.52,42.62,5.19,2.54
2023/02/06T22:02:00z,a8:48:fa:cf:f8:f2,7.00,2.0+OPENLOG+31037 MB+DS3231+BME280+PMSX003-B+PMSX003-A,87,14,32,994.90,0.03,36616,0,950,61.00,85.96,92.49,40.02,56.60,69.62,167,152,9555.96,2826.23,544.72,44.45,2.60,1.55,50.70,76.74,86.56,34.13,51.80,67.06,162,142,8415.44,2427.65,532.28,50.33,5.30,1.89
2023/02/06T22:04:00z,a8:48:fa:cf:f8:f2,7.00,2.0+OPENLOG+31037 MB+DS3231+BME280+PMSX003-B+PMSX003-A,87,14,32,994.85,0.04,36616,0,1070,66.96,93.96,100.57,43.85,61.81,72.79,171,155,10476.57,3096.83,611.96,48.83,1.17,0.75,57.31,89.24,99.80,37.35,58.59,72.27,169,153,9526.76,2744.45,624.37,60.20,7.25,3.53
2023/02/06T22:06:00z,a8:48:fa:cf:f8:f2,7.00,2.0+OPENLOG+31037 MB+DS3231+BME280+PMSX003-B+PMSX003-A,87,14,32,994.87,0.04,36616,0,1190,67.38,95.47,102.31,44.15,62.89,73.29,172,155,10562.73,3124.00,618.47,49.89,2.33,0.69,58.12,87.98,98.52,38.04,57.94,72.10,168,153,9650.56,2769.88,610.56,53.71,6.79,3.42
2023/02/06T22:07:51z,a8:48:fa:cf:f8:f2,7.00,2.0+OPENLOG+31037 MB+DS3231+BME280+PMSX003-B+PMSX003-A,87,14,32,994.93,nan,36704,0,110,72.76,100.95,108.24,47.74,66.45,75.52,175,157,11243.07,3349.50,632.05,47.05,3.29,1.19,59.26,90.53,99.84,38.76,59.61,72.45,169,153,9843.47,2832.16,631.79,53.32,4.95,3.26
2023/02/06T22:09:51z,a8:48:fa:cf:f8:f2,7.00,2.0+OPENLOG+31037 MB+DS3231+BME280+PMSX003-B+PMSX003-A,87,14,32,994.87,0.03,36616,0,230,72.29,102.20,109.42,47.51,67.38,76.05,175,157,11279.18,3345.93,667.38,49.53,3.24,1.38,61.06,95.66,103.56,40.04,63.00,73.94,172,155,10095.06,2901.46,650.90,60.44,6.44,2.12
2023/02/06T22:11:51z,a8:48:fa:cf:f8:f2,7.00,2.0+OPENLOG+31037 MB+DS3231+BME280+PMSX003-B+PMSX003-A,87,14,32,994.83,0.04,36616,0,350,73.31,101.56,109.42,47.98,66.85,75.96,175,157,11381.25,3373.23,643.77,51.69,3.31,0.88,61.75,95.10,101.33,40.49,62.57,72.90,172,155,10177.24,2939.67,640.71,56.82,3.73,1.33
2023/02/06T22:13:51z,a8:48:fa:cf:f8:f2,7.00,2.0+OPENLOG+31037 MB+DS3231+BME280+PMSX003-B+PMSX003-A,87,14,32,994.78,0.04,36616,0,470,72.21,100.62,108.06,47.32,66.26,75.36,175,157,11153.83,3322.47,652.11,49.74,2.26,1.06,62.36,96.95,104.36,40.88,63.84,74.07,173,156,10309.02,2970.91,665.57,56.50,5.36,1.54
2023/02/06T22:15:51z,a8:48:fa:cf:f8:f2,7.00,2.0+OPENLOG+31037 MB+DS3231+BME280+PMSX003-B+PMSX003-A,87,14,32,994.82,0.04,36552,0,590,67.86,95.61,103.23,44.46,62.82,73.54,172,155,10577.41,3139.68,625.25,51.75,2.43,1.11,56.50,87.42,96.38,37.00,57.54,71.21,168,152,9409.38,2692.02,592.94,54.27,4.69,2.62
2023/02/06T22:17:51z,a8:48:fa:cf:f8:f2,7.00,2.0+OPENLOG+31037 MB+DS3231+BME280+PMSX003-B+PMSX003-A,87,14,32,994.77,0.04,36552,0,710,66.37,92.46,100.05,43.42,60.89,72.54,170,154,10304.32,3059.30,581.54,49.86,2.21,1.16,55.82,83.18,91.68,36.64,54.68,69.22,166,149,9151.08,2644.18,571.66,43.00,5.04,2.92
2023/02/06T22:19:51z,a8:48:fa:cf:f8:f2,7.00,2.0+OPENLOG+31037 MB+DS3231+BME280+PMSX003-B+PMSX003-A,87,14,32,994.72,0.04,36552,0,830,62.24,86.51,92.75,40.62,56.89,69.64,167,152,9644.51,2865.85,541.96,47.64,1.71,0.00,53.92,80.88,88.13,35.48,53.71,67.71,164,147,8821.44,2549.02,557.21,44.00,4.08,1.96
2023/02/06T22:21:51z,a8:48:fa:cf:f8:f2,7.00,2.0+OPENLOG+31037 MB+DS3231+BME280+PMSX003-B+PMSX003-A,87,14,32,994.68,0.04,36552,0,950,60.83,84.23,89.13,39.79,55.62,68.31,166,151,9396.69,2789.38,543.96,35.50,2.00,0.50,50.76,77.48,84.91,34.06,52.07,66.15,163,143,8413.56,2423.07,539.70,47.85,3.74,1.19
2023/02/06T22:23:51z,a8:48:fa:cf:f8:f2,7.00,2.0+OPENLOG+31037 MB+DS3231+BME280+PMSX003-B+PMSX003-A,87,14,32,994.73,0.03,36552,0,1070,56.14,78.34,85.02,36.68,52.46,66.48,163,144,8782.29,2604.61,501.36,44.18,1.61,0.18,47.79,72.60,80.75,33.04,50.33,64.60,160,139,7908.12,2268.85,503.63,47.15,4.12,2.50
2023/02/06T22:25:51z,a8:48:fa:cf:f8:f2,7.00,2.0+OPENLOG+31037 MB+DS3231+BME280+PMSX003-B+PMSX003-A,87,14,32,994.72,0.03,36552,0,1190,53.61,75.25,81.23,35.28,51.32,64.82,161,141,8382.11,2479.82,481.75,42.88,1.12,0.21,44.90,67.00,75.38,31.90,48.27,62.04,157,134,7462.88,2144.75,464.92,44.00,4.04,2.25
2023/02/06T22:27:41z,a8:48:fa:cf:f8:f2,7.00,2.0+OPENLOG+31037 MB+DS3231+BME280+PMSX003-B+PMSX003-A,84,14,30,992.58,nan,36704,0,110,51.23,69.93,75.35,34.23,49.35,62.02,159,136,8069.02,2383.37,426.74,36.47,0.93,0.00,42.47,63.42,69.06,31.14,46.72,59.06,155,130,6895.50,2006.06,427.47,35.67,3.78,1.61
2023/02/06T22:29:41z,a8:48:fa:cf:f8:f2,7.00,2.0+OPENLOG+31037 MB+DS3231+BME280+PMSX003-B+PMSX003-A,87,13,32,994.63,0.03,36616,0,230,45.50,64.29,70.89,32.25,47.27,59.88,156,131,7132.12,2117.82,412.39,42.82,1.14,0.57,37.90,57.65,65.08,29.02,44.42,56.58,152,124,6422.88,1843.81,393.33,39.96,3.33,1.12
2023/02/06T22:31:41z,a8:48:fa:cf:f8:f2,7.00,2.0+OPENLOG+31037 MB+DS3231+BME280+PMSX003-B+PMSX003-A,87,14,32,994.48,0.04,36552,0,350,43.57,60.24,63.33,31.37,45.39,55.69,154,126,6855.39,2030.65,381.00,25.00,0.37,0.22,36.58,53.67,61.69,28.35,42.73,54.69,147,120,6182.73,1765.24,372.13,36.87,3.82,0.98
2023/02/06T22:33:41z,a8:48:fa:cf:f8:f2,7.00,2.0+OPENLOG+31037 MB+DS3231+BME280+PMSX003-B+PMSX003-A,87,14,32,994.41,0.04,36552,0,470,40.00,55.13,59.31,30.02,43.51,53.53,151,122,6332.95,1866.98,341.42,28.76,1.02,0.00,34.06,49.46,56.18,27.30,40.74,51.54,136,115,5691.24,1643.02,336.46,31.44,3.52,1.56
2023/02/06T22:35:41z,a8:48:fa:cf:f8:f2,7.00,2.0+OPENLOG+31037 MB+DS3231+BME280+PMSX003-B+PMSX003-A,87,14,32,994.43,0.03,36552,0,590,37.04,52.56,58.93,28.73,42.36,53.25,144,119,5910.00,1740.71,336.22,37.31,1.64,0.36,31.13,47.33,52.04,26.13,39.79,49.00,131,113,5339.37,1515.96,316.25,29.73,2.35,1.54
2023/02/06T22:37:41z,a8:48:fa:cf:f8:f2,7.00,2.0+OPENLOG+31037 MB+DS3231+BME280+PMSX003-B+PMSX003-A,87,14,32,994.40,0.04,36552,0,710,33.82,47.96,52.52,27.39,40.07,49.30,133,113,5417.79,1604.77,314.57,27.54,0.96,0.14,28.52,42.74,48.70,24.44,37.22,46.96,120,106,4831.22,1384.83,304.19,30.22,3.48,1.67
2023/02/06T22:39:41z,a8:48:fa:cf:f8:f2,7.00,2.0+OPENLOG+31037 MB+DS3231+BME280+PMSX003-B+PMSX003-A,86,14,31,994.30,0.04,36552,0,830,32.82,45.79,47.45,27.07,39.16,46.21,127,111,5172.54,1530.34,275.64,19.96,0.00,0.00,27.02,40.53,46.49,23.56,35.89,45.36,115,103,4603.09,1315.44,278.18,29.78,3.96,1.38
2023/02/06T22:41:41z,a8:48:fa:cf:f8:f2,7.00,2.0+OPENLOG+31037 MB+DS3231+BME280+PMSX003-B+PMSX003-A,86,13,31,994.13,0.04,36552,0,950,28.85,39.25,42.74,24.68,35.19,42.55,111,101,4639.25,1357.02,240.34,22.23,0.60,0.00,24.05,35.30,39.98,22.04,32.75,39.91,102,95,4102.68,1172.09,249.04,23.86,1.09,0.04
2023/02/06T22:43:41z,a8:48:fa:cf:f8:f2,7.00,2.0+OPENLOG+31037 MB+DS3231+BME280+PMSX003-B+PMSX003-A,86,14,31,994.03,0.04,36552,0,1070,27.29,37.47,40.97,23.91,34.26,40.66,107,98,4396.86,1294.31,236.10,18.00,1.90,1.31,22.82,33.30,36.50,21.38,31.68,36.50,96,93,3850.71,1109.07,217.95,19.21,1.00,1.00
2023/02/06T22:45:41z,a8:48:fa:cf:f8:f2,7.00,2.0+OPENLOG+31037 MB+DS3231+BME280+PMSX003-B+PMSX003-A,86,14,31,993.96,0.04,36552,0,1190,25.25,35.09,36.79,22.77,32.59,36.79,101,95,4031.25,1185.50,234.00,12.86,0.82,0.00,21.40,32.56,35.06,20.63,31.25,35.06,95,92,3691.67,1045.81,216.23,19.69,1.58,1.27
2023/02/06T22:47:32z,a8:48:fa:cf:f8:f2,7.00,2.0+OPENLOG+31037 MB+DS3231+BME280+PMSX003-B+PMSX003-A,86,13,30,993.83,nan,36704,0,110,22.36,29.61,31.41,21.14,29.50,31.41,89,88,3549.68,1041.86,186.36,11.55,0.00,0.00,17.71,29.17,32.98,17.69,28.81,32.98,88,87,3194.07,909.76,208.31,26.48,0.95,0.00
2023/02/06T22:49:32z,a8:48:fa:cf:f8:f2,7.00,2.0+OPENLOG+31037 MB+DS3231+BME280+PMSX003-B+PMSX003-A,86,14,31,993.79,0.04,36616,0,230,21.31,28.87,30.89,20.58,28.71,30.89,87,87,3434.62,1000.80,183.38,12.00,1.16,0.40,17.69,27.84,31.76,17.69,27.57,31.76,85,84,3167.29,897.12,197.08,20.20,3.02,1.22
2023/02/06T22:51:32z,a8:48:fa:cf:f8:f2,7.00,2.0+OPENLOG+31037 MB+DS3231+BME280+PMSX003-B+PMSX003-A,86,13,31,993.79,0.04,36616,0,350,19.76,26.78,28.53,19.22,26.71,28.53,82,82,3215.89,943.53,163.56,12.11,0.73,0.55,15.72,24.24,27.61,15.72,24.24,27.61,77,77,2798.22,803.78,176.28,18.52,2.07,0.33
2023/02/06T22:53:32z,a8:48:fa:cf:f8:f2,7.00,2.0+OPENLOG+31037 MB+DS3231+BME280+PMSX003-B+PMSX003-A,86,14,31,993.67,0.04,36616,0,470,18.74,26.83,28.57,18.74,26.83,28.57,83,83,3108.00,922.68,170.49,13.66,0.87,0.11,14.91,22.84,23.36,14.91,22.84,23.36,74,74,2689.02,754.54,147.55,9.57,0.54,0.00
2023/02/06T22:55:32z,a8:48:fa:cf:f8:f2,7.00,2.0+OPENLOG+31037 MB+DS3231+BME280+PMSX003-B+PMSX003-A,86,14,31,993.65,0.04,36616,0,590,18.00,25.14,26.48,18.00,25.14,26.48,79,79,2928.54,861.07,151.25,12.71,0.46,0.00,15.04,22.50,24.65,15.04,22.50,24.65,73,73,2616.46,739.10,149.02,11.92,1.04,0.69
2023/02/06T22:57:32z,a8:48:fa:cf:f8:f2,7.00,2.0+OPENLOG+31037 MB+DS3231+BME280+PMSX003-B+PMSX003-A,86,13,31,993.64,0.04,36616,0,710,16.35,22.60,24.81,16.35,22.60,24.81,74,74,2703.05,787.12,145.68,11.05,1.33,0.49,13.29,21.18,23.98,13.29,21.18,23.98,71,71,2384.41,690.35,144.84,16.31,1.25,0.67
2023/02/06T22:59:32z,a8:48:fa:cf:f8:f2,7.00,2.0+OPENLOG+31037 MB+DS3231+BME280+PMSX003-B+PMSX003-A,86,14,31,993.65,0.04,36304,0,830,14.74,21.28,21.68,14.74,21.28,21.68,71,71,2499.89,725.61,138.77,10.56,0.49,0.00,12.25,18.21,20.05,12.25,18.21,20.05,64,64,2187.96,619.71,116.82,11.68,1.21,0.86
2023/02/06T23:01:32z,a8:48:fa:cf:f8:f2,7.00,2.0+OPENLOG+31037 MB+DS3231+BME280+PMSX003-B+PMSX003-A,86,14,31,993.72,0.04,36616,0,950,13.04,19.96,20.52,13.04,19.96,20.52,68,68,2232.22,655.30,137.78,9.00,0.33,0.33,10.33,16.07,18.04,10.33,16.07,18.04,60,60,1878.28,539.87,113.02,10.33,1.56,0.44
2023/02/06T23:03:32z,a8:48:fa:cf:f8:f2,7.00,2.0+OPENLOG+31037 MB+DS3231+BME280+PMSX003-B+PMSX003-A,86,14,31,993.65,0.04,36616,0,1070,13.48,18.84,20.14,13.48,18.84,20.14,66,66,2235.00,652.61,128.07,10.96,0.07,0.00,10.76,15.94,15.94,10.76,15.94,15.94,59,59,1915.28,549.31,102.24,3.74,0.00,0.00
2023/02/06T23:05:32z,a8:48:fa:cf:f8:f2,7.00,2.0+OPENLOG+31037 MB+DS3231+BME280+PMSX003-B+PMSX003-A,86,14,31,993.69,0.04,36616,0,1190,12.45,17.05,17.25,12.45,17.05,17.25,62,62,2103.00,619.46,108.36,5.25,0.36,0.00,10.63,16.14,17.80,10.63,16.14,17.80,60,60,1913.06,547.76,109.25,11.18,0.59,0.00
2023/02/06T23:07:22z,a8:48:fa:cf:f8:f2,7.00,2.0+OPENLOG+31037 MB+DS3231+BME280+PMSX003-B+PMSX003-A,86,14,31,993.71,nan,36704,0,109,12.02,15.95,17.59,12.02,15.95,17.59,59,59,2049.68,595.05,101.18,9.00,0.32,0.00,9.57,15.38,15.52,9.57,15.38,15.52,58,58,1693.05,488.83,107.10,8.05,0.00,0.00
2023/02/06T23:09:22z,a8:48:fa:cf:f8:f2,7.00,2.0+OPENLOG+31037 MB+DS3231+BME280+PMSX003-B+PMSX003-A,86,14,31,993.64,0.04,36552,0,229,9.62,13.88,13.97,9.62,13.88,13.97,55,55,1752.93,513.31,86.59,5.52,0.00,0.00,8.25,13.12,13.12,8.25,13.12,13.12,53,53,1592.82,450.73,82.10,7.37,0.00,0.00
2023/02/06T23:11:22z,a8:48:fa:cf:f8:f2,7.00,2.0+OPENLOG+31037 MB+DS3231+BME280+PMSX003-B+PMSX003-A,86,13,31,993.65,0.04,36552,0,349,9.98,14.39,14.62,9.98,14.39,14.62,56,56,1741.18,506.75,99.11,4.36,0.36,0.00,7.96,13.52,14.52,7.96,13.52,14.52,54,54,1499.00,433.44,97.43,8.26,1.44,0.52
2023/02/06T23:13:22z,a8:48:fa:cf:f8:f2,7.00,2.0+OPENLOG+31037 MB+DS3231+BME280+PMSX003-B+PMSX003-A,86,14,31,993.54,0.04,36552,0,469,9.93,14.18,15.27,9.93,14.18,15.27,56,56,1672.58,495.24,95.35,8.22,0.00,0.00,7.44,11.83,12.15,7.44,11.83,12.15,49,49,1408.11,397.80,81.63,5.44,0.44,0.00
2023/02/06T23:15:22z,a8:48:fa:cf:f8:f2,7.00,2.0+OPENLOG+31037 MB+DS3231+BME280+PMSX003-B+PMSX003-A,86,14,31,993.53,0.04,36552,0,589,9.33,13.26,13.67,9.33,13.26,13.67,54,54,1599.16,475.93,89.75,4.42,0.42,0.42,6.17,10.08,10.36,6.17,10.08,10.36,42,42,1278.91,361.49,67.02,6.23,0.53,0.00
2023/02/06T23:17:22z,a8:48:fa:cf:f8:f2,7.00,2.0+OPENLOG+31037 MB+DS3231+BME280+PMSX003-B+PMSX003-A,86,14,31,993.49,0.04,36552,0,709,9.93,14.07,14.60,9.93,14.07,14.60,55,55,1633.86,489.66,89.66,7.45,0.41,0.00,7.20,11.69,12.47,7.20,11.69,12.47,49,49,1401.53,401.82,81.45,7.25,0.71,0.55
2023/02/06T23:19:22z,a8:48:fa:cf:f8:f2,7.00,2.0+OPENLOG+31037 MB+DS3231+BME280+PMSX003-B+PMSX003-A,87,14,32,993.59,0.04,36552,0,829,17.55,24.30,26.04,17.05,24.04,26.04,77,77,2888.57,844.96,150.36,13.43,1.07,0.00,14.58,21.83,24.57,14.34,21.83,24.57,72,72,2500.13,726.15,154.09,12.79,2.00,1.21
2023/02/06T23:21:22z,a8:48:fa:cf:f8:f2,7.00,2.0+OPENLOG+31037 MB+DS3231+BME280+PMSX003-B+PMSX003-A,87,14,32,993.59,0.04,36552,0,949,38.42,53.87,59.44,29.15,42.42,53.20,147,119,6176.40,1808.13,339.02,33.89,1.53,0.25,32.84,48.42,51.75,26.51,39.64,47.87,134,112,5502.11,1565.78,332.24,23.60,1.13,0.36
2023/02/06T23:23:22z,a8:48:fa:cf:f8:f2,7.00,2.0+OPENLOG+31037 MB+DS3231+BME280+PMSX003-B+PMSX003-A,87,14,32,993.55,0.04,36552,0,1069,67.84,94.29,99.12,44.53,62.37,72.04,171,155,10600.24,3128.10,603.29,39.14,1.53,0.55,58.14,87.22,94.04,38.27,57.75,69.71,168,152,9718.94,2777.25,587.02,44.24,4.55,1.88
2023/02/06T23:25:22z,a8:48:fa:cf:f8:f2,7.00,2.0+OPENLOG+31037 MB+DS3231+BME280+PMSX003-B+PMSX003-A,87,14,32,993.58,0.04,36552,0,1189,90.33,123.56,129.19,59.51,81.67,85.35,186,165,13964.26,4129.53,764.84,48.28,1.89,0.60,76.04,112.40,119.87,49.96,74.28,80.38,181,161,12408.28,3559.55,745.89,55.66,2.49,0.91
2023/02/06T23:27:13z,a8:48:fa:cf:f8:f2,7.00,2.0+OPENLOG+31037 MB+DS3231+BME280+PMSX003-B+PMSX003-A,87,14,32,993.59,nan,36704,0,110,99.41,138.24,144.27,65.54,91.39,95.49,194,170,15406.39,4556.29,854.29,58.34,0.98,0.68,83.13,124.89,134.50,54.66,82.50,88.84,187,165,13625.76,3918.82,812.39,70.42,4.89,1.53
2023/02/06T23:29:13z,a8:48:fa:cf:f8:f2,7.00,2.0+OPENLOG+31037 MB+DS3231+BME280+PMSX003-B+PMSX003-A,87,13,31,993.63,0.04,36616,0,230,92.80,129.15,135.20,60.84,85.16,89.18,189,167,14486.18,4287.60,806.69,57.09,0.84,0.33,78.12,118.80,126.72,51.38,78.42,84.00,184,163,12747.84,3683.98,799.94,62.96,3.80,1.48
2023/02/06T23:31:13z,a8:48:fa:cf:f8:f2,7.00,2.0+OPENLOG+31037 MB+DS3231+BME280+PMSX003-B+PMSX003-A,88,13,32,993.69,0.03,35992,0,350,86.04,117.88,124.11,56.61,77.88,82.36,183,163,13292.52,3926.61,725.39,52.07,1.96,0.29,70.67,106.24,114.04,46.35,70.07,77.67,177,159,11641.85,3328.13,694.95,58.98,5.16,2.51
2023/02/06T23:33:13z,a8:48:fa:cf:f8:f2,7.00,2.0+OPENLOG+31037 MB+DS3231+BME280+PMSX003-B+PMSX003-A,87,13,31,993.70,0.04,36552,0,470,74.56,102.66,109.86,48.90,67.60,75.88,176,157,11635.68,3443.82,635.00,53.24,2.52,0.68,63.30,94.83,101.57,41.53,62.40,73.17,172,155,10449.45,2991.62,625.96,52.45,3.77,1.58
2023/02/06T23:35:13z,a8:48:fa:cf:f8:f2,7.00,2.0+OPENLOG+31037 MB+DS3231+BME280+PMSX003-B+PMSX003-A,88,13,32,993.70,0.04,36552,0,590,65.73,89.96,96.27,43.09,59.21,71.11,169,153,10274.62,3040.25,553.46,43.46,1.64,0.46,54.38,80.52,87.98,35.62,53.65,67.81,164,147,9061.79,2586.23,539.10,41.77,3.50,2.62
2023/02/06T23:37:13z,a8:48:fa:cf:f8:f2,7.00,2.0+OPENLOG+31037 MB+DS3231+BME280+PMSX003-B+PMSX003-A,88,13,32,993.62,0.03,36520,0,710,56.22,77.58,83.75,36.75,52.16,65.75,163,143,8901.60,2627.07,477.56,41.45,0.98,0.00,47.60,71.72,78.26,33.02,49.96,63.22,160,138,7974.60,2275.50,477.14,44.20,3.96,1.12
2023/02/06T23:39:13z,a8:48:fa:cf:f8:f2,7.00,2.0+OPENLOG+31037 MB+DS3231+BME280+PMSX003-B+PMSX003-A,88,13,32,993.71,0.03,36208,0,830,47.12,65.00,70.84,32.82,47.36,59.66,156,131,7540.34,2238.43,418.32,32.04,1.21,0.82,40.92,59.55,63.51,30.33,45.25,55.75,153,126,6772.88,1938.75,382.82,34.20,1.37,0.63
2023/02/06T23:41:13z,a8:48:fa:cf:f8:f2,7.00,2.0+OPENLOG+31037 MB+DS3231+BME280+PMSX003-B+PMSX003-A,88,13,31,993.65,0.03,36520,0,950,40.72,55.85,60.91,30.36,43.83,54.40,151,123,6563.38,1919.55,342.49,30.38,1.02,0.87,35.00,51.63,56.65,27.98,42.07,51.98,142,118,5853.00,1676.81,346.94,29.93,2.07,1.15
2023/02/06T23:43:13z,a8:48:fa:cf:f8:f2,7.00,2.0+OPENLOG+31037 MB+DS3231+BME280+PMSX003-B+PMSX003-A,88,13,31,993.61,0.04,36520,0,1070,36.37,49.97,53.76,28.32,41.03,50.05,138,116,5807.39,1704.07,296.14,27.42,0.64,0.47,29.51,46.71,50.22,25.11,39.25,47.82,130,111,5106.82,1457.64,307.35,33.09,1.67,1.09
2023/02/06T23:45:13z,a8:48:fa:cf:f8:f2,7.00,2.0+OPENLOG+31037 MB+DS3231+BME280+PMSX003-B+PMSX003-A,88,13,31,993.73,0.04,36520,0,1190,31.24,42.79,46.45,26.16,37.48,45.57,120,107,4970.28,1466.79,253.00,24.90,0.97,0.34,26.20,39.44,42.76,23.20,35.40,42.22,112,102,4466.94,1286.54,261.52,23.64,1.52,0.28
2023/02/06T23:47:03z,a8:48:fa:cf:f8:f2,7.00,2.0+OPENLOG+31037 MB+DS3231+BME280+PMSX003-B+PMSX003-A,88,13,31,993.60,nan,36704,0,110,25.57,35.64,39.64,22.70,32.98,39.64,103,96,4109.32,1208.55,237.18,20.18,2.14,1.45,22.66,34.03,38.66,21.29,32.11,38.66,98,94,3928.89,1104.34,222.58,25.11,2.47,0.89
2023/02/06T23:49:03z,a8:48:fa:cf:f8:f2,7.00,2.0+OPENLOG+31037 MB+DS3231+BME280+PMSX003-B+PMSX003-A,88,13,31,993.64,0.04,36304,0,230,24.48,32.72,35.05,22.29,31.16,35.05,95,92,3989.07,1169.48,196.14,15.03,0.00,0.00,20.23,29.96,32.73,19.75,29.42,32.73,89,88,3462.75,980.52,187.81,22.08,1.31,0.69
2023/02/06T23:51:03z,a8:48:fa:cf:f8:f2,7.00,2.0+OPENLOG+31037 MB+DS3231+BME280+PMSX003-B+PMSX003-A,88,13,31,993.64,0.04,36616,0,350,21.31,29.73,31.24,20.45,29.35,31.24,89,88,3543.27,1033.67,177.89,14.65,0.51,0.00,17.02,26.33,27.62,17.02,26.25,27.62,82,81,2969.73,848.93,175.04,13.82,0.65,0.47
2023/02/06T23:53:03z,a8:48:fa:cf:f8:f2,7.00,2.0+OPENLOG+31037 MB+DS3231+BME280+PMSX003-B+PMSX003-A,88,13,31,993.54,0.04,36616,0,470,18.00,25.13,27.53,18.00,25.13,27.53,79,79,2936.95,865.49,153.05,17.24,0.44,0.00,14.31,21.40,24.59,14.31,21.40,24.59,71,71,2592.10,741.28,151.02,15.28,0.55,0.17
2023/02/06T23:55:03z,a8:48:fa:cf:f8:f2,7.00,2.0+OPENLOG+31037 MB+DS3231+BME280+PMSX003-B+PMSX003-A,88,13,31,993.45,0.04,36616,0,590,15.84,22.95,26.26,15.84,22.95,26.26,74,74,2750.38,801.38,160.55,18.62,0.17,0.00,11.74,18.15,19.81,11.74,18.15,19.81,64,64,2142.72,608.30,123.96,10.96,2.22,0.48
2023/02/06T23:57:03z,a8:48:fa:cf:f8:f2,7.00,2.0+OPENLOG+31037 MB+DS3231+BME280+PMSX003-B+PMSX003-A,88,13,31,993.49,0.04,36616,0,710,13.30,19.25,19.81,13.30,19.25,19.81,66,66,2251.47,668.63,123.26,7.65,0.77,0.00,10.96,16.90,17.42,10.96,16.90,17.42,61,61,1989.92,559.73,108.40,7.96,0.92,0.00
2023/02/06T23:59:03z,a8:48:fa:cf:f8:f2,7.00,2.0+OPENLOG+31037 MB+DS3231+BME280+PMSX003-B+PMSX003-A,88,13,31,993.45,0.04,36616,0,830,12.67,17.02,17.20,12.67,17.02,17.20,62,62,2107.85,619.82,105.45,3.49,0.36,0.00,9.75,15.09,16.75,9.75,15.09,16.75,58,58,1819.25,511.91,102.35,11.64,0.40,0.00